Ingredient #1,Ingredient #2,"Combi Boost",known?
Apple,Anise,3,0
Apple,Banana,1,1
Apple,Bones,-2,0
Apple,Cheese,2,0
Apple,Cherry,3,1
Apple,Cinnamon,3,0
Apple,Coconut,2,0
Apple,Eye,-2,0
Apple,FishBone,-2,0
Apple,Ginger,1,0
Apple,Gooseberry,2,0
Apple,GrapesGreen,2,0
Apple,GrapesRed,2,0
Apple,Kiwi,1,0
Apple,Lemon,2,0
Apple,Lime,2,0
Apple,Mandragora,-3,0
Apple,Mayonnaise,-1,0
Apple,Melon,2,0
Apple,Nutmeg,2,0
Apple,Nuts,2,0
Apple,Onion,1,0
Apple,Orange,1,0
Apple,Papaya,2,0
Apple,Pomegranate,2,0
Apple,Pork,2,0
Apple,Sugar,1,0
Apple,Vanilla,2,0
Apple,Watermelon,2,0
Avocado,Beans,3,0
Avocado,Beef,1,0
Avocado,BellPepper,2,0
Avocado,Bones,-2,0
Avocado,Broccoli,2,0
Avocado,Cheese,1,0
Avocado,Chicken,1,0
Avocado,Coffee,-1,0
Avocado,Corn,2,0
Avocado,Cream,1,0
Avocado,Cucumber,2,0
Avocado,Egg,1,0
Avocado,Eye,-2,0
Avocado,FishBone,-2,0
Avocado,Garlic,1,0
Avocado,Ginger,1,0
Avocado,Lemon,3,0
Avocado,Lime,4,0
Avocado,Mandragora,-3,0
Avocado,Mayonnaise,4,0
Avocado,Meat,1,0
Avocado,Nori,1,0
Avocado,Oil,1,0
Avocado,Oysters,1,0
Avocado,Paprika,1,0
Avocado,Pepper,2,0
Avocado,Pineapple,3,0
Avocado,Pork,1,0
Avocado,RedPepper,2,0
Avocado,Rice,2,0
Avocado,Salad,2,0
Avocado,Salt,1,0
Avocado,Shrimp,1,0
Avocado,Sugar,-1,0
Avocado,Tea,-2,0
Avocado,Tomato,2,0
Avocado,Vinegar,1,0
Avocado,Yogurt,-3,0
Banana,Apple,1,1
Banana,Bones,-2,0
Banana,Butter,1,0
Banana,Caviar,-1,0
Banana,Cherry,2,1
Banana,Cinnamon,1,0
Banana,Cocoa,1,0
Banana,Coconut,2,0
Banana,CoconutMilk,1,0
Banana,Cream,1,0
Banana,Eye,-2,0
Banana,FishBone,-2,0
Banana,Flour,1,1
Banana,GrapesGreen,1,0
Banana,GrapesRed,1,0
Banana,GreenOnion,-1,0
Banana,Kiwi,3,0
Banana,Lemon,4,0
Banana,Lime,2,0
Banana,Mandragora,-3,0
Banana,Mango,2,0
Banana,Mayonnaise,-1,0
Banana,Milk,1,0
Banana,Nori,-1,1
Banana,Nutmeg,1,0
Banana,Nuts,1,0
Banana,Onion,-1,0
Banana,Orange,2,0
Banana,Papaya,2,0
Banana,Peach,3,0
Banana,Pear,3,0
Banana,Pineapple,2,0
Banana,Pomegranate,2,0
Banana,Rice,2,1
Banana,Salt,-1,1
Banana,Strawberry,3,0
Banana,Tea,-1,0
Banana,Vanilla,1,0
Banana,Vinegar,-3,0
Banana,Wasabi,-1,0
Banana,Wheat,1,0
Banana,Yogurt,1,0
Blackthorn,Bones,-2,0
Blackthorn,Eye,-2,0
Blackthorn,FishBone,-2,0
Blackthorn,Honey,2,0
Blackthorn,Mandragora,-3,0
Blackthorn,Milk,1,0
Blackthorn,Sugar,1,0
Blueberries,Bones,-2,0
Blueberries,Cinnamon,1,0
Blueberries,Cocoa,1,0
Blueberries,Cream,1,0
Blueberries,Eye,-2,0
Blueberries,FishBone,-2,0
Blueberries,Flour,1,0
Blueberries,Garlic,-1,0
Blueberries,Ice,1,0
Blueberries,Malt,1,0
Blueberries,Mandragora,-3,0
Blueberries,Mayonnaise,-1,0
Blueberries,Melon,2,0
Blueberries,Milk,1,0
Blueberries,Nori,-1,0
Blueberries,Nutmeg,1,0
Blueberries,Pomegranate,2,0
Blueberries,Pumpkin,1,0
Blueberries,Salad,1,0
Blueberries,Strawberry,2,0
Blueberries,Sugar,1,0
Blueberries,Vanilla,1,0
Blueberries,Vinegar,-1,0
Blueberries,Wasabi,-1,0
Blueberries,Watermelon,2,0
Blueberries,Wheat,1,0
Blueberries,Yogurt,2,0
Cherry,Apple,3,1
Cherry,Banana,2,1
Cherry,Bones,-2,0
Cherry,Cinnamon,1,0
Cherry,Cocoa,1,0
Cherry,Cream,1,0
Cherry,Eye,-2,0
Cherry,FishBone,-2,0
Cherry,Flour,1,1
Cherry,Garlic,-1,0
Cherry,Gooseberry,3,0
Cherry,Ice,1,0
Cherry,Kiwi,2,0
Cherry,Lemon,2,0
Cherry,Lime,2,0
Cherry,Malt,1,0
Cherry,Mandragora,-3,0
Cherry,Mayonnaise,-1,0
Cherry,Milk,1,0
Cherry,Nori,-1,1
Cherry,Nutmeg,1,0
Cherry,Pumpkin,1,0
Cherry,Salad,1,0
Cherry,Salt,-1,1
Cherry,Sugar,1,0
Cherry,Vanilla,1,0
Cherry,Vinegar,-1,0
Cherry,Wasabi,-1,0
Cherry,Watermelon,2,0
Cherry,Wheat,1,0
Cherry,Yogurt,2,0
Coconut,Apple,2,0
Coconut,Banana,2,0
Coconut,Basil,1,0
Coconut,Bones,-2,0
Coconut,Eye,-2,0
Coconut,FishBone,-2,0
Coconut,Flour,1,0
Coconut,Ginger,2,0
Coconut,Kiwi,2,0
Coconut,Lemon,3,0
Coconut,Lemongrass,1,0
Coconut,Lime,3,0
Coconut,Mandragora,-3,0
Coconut,Mango,2,0
Coconut,Nuts,2,0
Coconut,Orange,3,0
Coconut,Pineapple,2,0
Coconut,Pomegranate,2,0
Coconut,Rice,2,0
Coconut,Salt,-1,0
Coconut,Strawberry,2,0
Coconut,Water,1,0
Coconut,Wheat,1,0
Coconut,Yogurt,1,0
GrapesGreen,Apple,2,0
GrapesGreen,Banana,1,0
GrapesGreen,Bones,-2,0
GrapesGreen,Broccoli,-3,0
GrapesGreen,Cinnamon,1,0
GrapesGreen,Cocoa,1,0
GrapesGreen,Cream,1,0
GrapesGreen,Eye,-2,0
GrapesGreen,FishBone,-2,0
GrapesGreen,Flour,1,0
GrapesGreen,Garlic,-1,0
GrapesGreen,Gooseberry,2,0
GrapesGreen,Ice,1,0
GrapesGreen,Malt,1,0
GrapesGreen,Mandragora,-3,0
GrapesGreen,Mayonnaise,-1,0
GrapesGreen,Melon,2,0
GrapesGreen,Milk,1,0
GrapesGreen,Nori,-1,0
GrapesGreen,Nutmeg,1,0
GrapesGreen,Plums,2,0
GrapesGreen,Pumpkin,1,0
GrapesGreen,Salad,1,0
GrapesGreen,Salt,-2,0
GrapesGreen,Sugar,1,0
GrapesGreen,Vanilla,1,0
GrapesGreen,Vinegar,-1,0
GrapesGreen,Wasabi,-1,0
GrapesGreen,Watermelon,2,0
GrapesGreen,Wheat,1,0
GrapesGreen,Yogurt,2,0
GrapesRed,Apple,2,0
GrapesRed,Banana,1,0
GrapesRed,Bones,-2,0
GrapesRed,Broccoli,-3,0
GrapesRed,Cinnamon,1,0
GrapesRed,Cocoa,1,0
GrapesRed,Cream,1,0
GrapesRed,Eye,-2,0
GrapesRed,FishBone,-2,0
GrapesRed,Flour,1,0
GrapesRed,Garlic,-1,0
GrapesRed,Ice,1,0
GrapesRed,Malt,1,0
GrapesRed,Mandragora,-3,0
GrapesRed,Mayonnaise,-1,0
GrapesRed,Melon,2,0
GrapesRed,Milk,1,0
GrapesRed,Nori,-1,0
GrapesRed,Nutmeg,1,0
GrapesRed,Plums,2,0
GrapesRed,Pumpkin,1,0
GrapesRed,Salad,1,0
GrapesRed,Salt,-2,0
GrapesRed,Sugar,1,0
GrapesRed,Vanilla,1,0
GrapesRed,Vinegar,-1,0
GrapesRed,Wasabi,-1,0
GrapesRed,Watermelon,2,0
GrapesRed,Wheat,1,0
GrapesRed,Yogurt,2,0
Kiwi,Apple,1,0
Kiwi,Banana,3,0
Kiwi,Bones,-2,0
Kiwi,Cherry,2,0
Kiwi,Cinnamon,1,0
Kiwi,Cocoa,1,0
Kiwi,Coconut,2,0
Kiwi,Cream,1,0
Kiwi,Eye,-2,0
Kiwi,FishBone,-2,0
Kiwi,Flour,1,0
Kiwi,Garlic,-1,0
Kiwi,Gooseberry,1,0
Kiwi,Ice,1,0
Kiwi,Lemon,2,0
Kiwi,Lime,2,0
Kiwi,Malt,1,0
Kiwi,Mandragora,-3,0
Kiwi,Mango,3,0
Kiwi,Mayonnaise,-1,0
Kiwi,Milk,1,0
Kiwi,Nori,-1,0
Kiwi,Nutmeg,1,0
Kiwi,Orange,2,0
Kiwi,Pineapple,2,0
Kiwi,Pumpkin,1,0
Kiwi,Salad,1,0
Kiwi,Strawberry,2,0
Kiwi,Sugar,1,0
Kiwi,Vanilla,1,0
Kiwi,Vinegar,-1,0
Kiwi,Wasabi,-1,0
Kiwi,Watermelon,2,0
Kiwi,Wheat,1,0
Kiwi,Yogurt,2,0
Lemon,Apple,2,0
Lemon,Avocado,3,0
Lemon,Banana,4,0
Lemon,Beans,2,0
Lemon,Beef,1,0
Lemon,Bones,-2,0
Lemon,Broccoli,2,0
Lemon,Butter,3,0
Lemon,Carp,2,0
Lemon,Carrot,1,0
Lemon,Cherry,2,0
Lemon,Chicken,2,0
Lemon,Coconut,3,0
Lemon,Duck,1,0
Lemon,Eye,-2,0
Lemon,FishBone,-2,0
Lemon,Flour,1,0
Lemon,FuguFish,2,0
Lemon,Garlic,3,0
Lemon,Ginger,1,0
Lemon,Honey,5,0
Lemon,Kiwi,2,0
Lemon,Lamb,2,0
Lemon,Lobster,3,0
Lemon,Makarel,2,0
Lemon,Malt,2,0
Lemon,Mandragora,-3,0
Lemon,Meat,1,0
Lemon,Milk,-4,0
Lemon,Onion,1,0
Lemon,Oysters,2,0
Lemon,Pear,2,0
Lemon,Piranha,1,0
Lemon,Pork,1,0
Lemon,Rice,1,0
Lemon,Salad,2,0
Lemon,Salmon,2,0
Lemon,Shrimp,7,0
Lemon,Strawberry,3,0
Lemon,Tea,4,0
Lemon,Water,2,0
Lemon,Wheat,1,0
Lime,Apple,2,0
Lime,Avocado,4,0
Lime,Banana,2,0
Lime,Beans,2,0
Lime,Bones,-2,0
Lime,Broccoli,2,0
Lime,Butter,2,0
Lime,Carp,2,0
Lime,Cherry,2,0
Lime,Chicken,3,0
Lime,Coconut,3,0
Lime,Eye,-2,0
Lime,FishBone,-2,0
Lime,Flour,1,0
Lime,FuguFish,2,0
Lime,Garlic,3,0
Lime,Ginger,2,0
Lime,Kiwi,2,0
Lime,Lamb,2,0
Lime,Lobster,3,0
Lime,Makarel,2,0
Lime,Malt,2,0
Lime,Mandragora,-3,0
Lime,Meat,1,0
Lime,Milk,-4,0
Lime,Oysters,2,0
Lime,Pear,2,0
Lime,Piranha,1,0
Lime,Pork,1,0
Lime,Rice,1,0
Lime,Salad,2,0
Lime,Salmon,2,0
Lime,Shrimp,4,0
Lime,Strawberry,1,0
Lime,Tea,1,0
Lime,Tomato,1,0
Lime,Water,2,0
Mango,Banana,2,0
Mango,Bones,-2,0
Mango,Cinnamon,1,0
Mango,Cocoa,1,0
Mango,Coconut,2,0
Mango,Cream,1,0
Mango,Eye,-2,0
Mango,FishBone,-2,0
Mango,Flour,1,0
Mango,Garlic,-1,0
Mango,Ice,1,0
Mango,Kiwi,3,0
Mango,Malt,1,0
Mango,Mandragora,-3,0
Mango,Mayonnaise,-1,0
Mango,Melon,2,0
Mango,Milk,1,0
Mango,Nori,-1,0
Mango,Nutmeg,1,0
Mango,Papaya,5,0
Mango,Peach,3,0
Mango,Pepper,2,0
Mango,Pineapple,2,0
Mango,Pomegranate,2,0
Mango,Pork,1,0
Mango,Pumpkin,1,0
Mango,RedPepper,2,0
Mango,Salad,1,0
Mango,Salt,-2,0
Mango,Strawberry,2,0
Mango,Sugar,1,0
Mango,Vanilla,1,0
Mango,Vinegar,-1,0
Mango,Wasabi,-1,0
Mango,Wheat,1,0
Mango,Yogurt,2,0
Melon,Apple,2,0
Melon,Blueberries,2,0
Melon,Bones,-2,0
Melon,Cream,2,0
Melon,Eye,-2,0
Melon,FishBone,-2,0
Melon,Garlic,-2,0
Melon,GrapesGreen,2,0
Melon,GrapesRed,2,0
Melon,Malt,1,0
Melon,Mandragora,-3,0
Melon,Mango,2,0
Melon,Mayonnaise,-2,0
Melon,Nuts,1,0
Melon,Onion,-2,0
Melon,Papaya,2,0
Melon,Peach,2,0
Melon,Plums,2,0
Melon,Salt,-3,0
Melon,Vanilla,2,0
Melon,Vinegar,-1,0
Melon,Wasabi,-2,0
Orange,Apple,1,0
Orange,Banana,2,0
Orange,Bones,-2,0
Orange,Cinnamon,1,0
Orange,Cocoa,1,0
Orange,Coconut,3,0
Orange,Cream,1,0
Orange,Eye,-2,0
Orange,FishBone,-2,0
Orange,Flour,1,0
Orange,Garlic,-1,0
Orange,Gooseberry,2,0
Orange,Ice,1,0
Orange,Kiwi,2,0
Orange,Malt,1,0
Orange,Mandragora,-3,0
Orange,Mayonnaise,-1,0
Orange,Milk,1,0
Orange,Nori,-1,0
Orange,Nutmeg,1,0
Orange,Papaya,3,0
Orange,Peach,3,0
Orange,Pineapple,2,0
Orange,Pomegranate,2,0
Orange,Pumpkin,1,0
Orange,Salad,1,0
Orange,Salt,-2,0
Orange,Strawberry,2,0
Orange,Sugar,1,0
Orange,Vanilla,1,0
Orange,Vinegar,-1,0
Orange,Wasabi,-1,0
Orange,Wheat,1,0
Orange,Yogurt,2,0
Papaya,Apple,2,0
Papaya,Banana,2,0
Papaya,Bones,-2,0
Papaya,Cinnamon,1,0
Papaya,Cocoa,1,0
Papaya,Cream,1,0
Papaya,Eye,-2,0
Papaya,FishBone,-2,0
Papaya,Flour,1,0
Papaya,Garlic,-1,0
Papaya,Ice,1,0
Papaya,Malt,1,0
Papaya,Mandragora,-3,0
Papaya,Mango,5,0
Papaya,Mayonnaise,-1,0
Papaya,Melon,2,0
Papaya,Milk,1,0
Papaya,Nori,-1,0
Papaya,Nutmeg,1,0
Papaya,Orange,3,0
Papaya,Pear,2,0
Papaya,Pineapple,2,0
Papaya,Pork,1,0
Papaya,Pumpkin,1,0
Papaya,Salad,1,0
Papaya,Sugar,1,0
Papaya,Vanilla,1,0
Papaya,Vinegar,-1,0
Papaya,Wasabi,-1,0
Papaya,Watermelon,3,0
Papaya,Wheat,1,0
Papaya,Yogurt,2,0
Peach,Banana,3,0
Peach,Bones,-2,0
Peach,Cinnamon,1,0
Peach,Cocoa,1,0
Peach,Cream,1,0
Peach,Eye,-2,0
Peach,FishBone,-2,0
Peach,Flour,1,0
Peach,Garlic,-1,0
Peach,Gooseberry,3,0
Peach,Ice,1,0
Peach,Malt,1,0
Peach,Mandragora,-3,0
Peach,Mango,3,0
Peach,Mayonnaise,-1,0
Peach,Melon,2,0
Peach,Milk,1,0
Peach,Nori,-1,0
Peach,Nutmeg,1,0
Peach,Orange,3,0
Peach,Pineapple,3,0
Peach,Plums,2,0
Peach,Pork,1,0
Peach,Pumpkin,1,0
Peach,Salad,1,0
Peach,Strawberry,2,0
Peach,Sugar,1,0
Peach,Vanilla,1,0
Peach,Vinegar,-1,0
Peach,Wasabi,-1,0
Peach,Watermelon,2,0
Peach,Wheat,1,0
Peach,Yogurt,3,0
Pear,Banana,3,0
Pear,Bones,-2,0
Pear,Cinnamon,1,0
Pear,Cocoa,1,0
Pear,Cream,1,0
Pear,Eye,-2,0
Pear,FishBone,-2,0
Pear,Flour,1,0
Pear,Garlic,-1,0
Pear,Gooseberry,2,0
Pear,Ice,1,0
Pear,Lemon,2,0
Pear,Lime,2,0
Pear,Mandragora,-3,0
Pear,Mayonnaise,-1,0
Pear,Milk,1,0
Pear,Nori,-1,0
Pear,Nutmeg,1,0
Pear,Papaya,2,0
Pear,Pumpkin,1,0
Pear,Salad,1,0
Pear,Sugar,1,0
Pear,Vanilla,1,0
Pear,Vinegar,-1,0
Pear,Wasabi,-1,0
Pear,Wheat,1,0
Pineapple,Avocado,3,0
Pineapple,Banana,2,0
Pineapple,Bones,-2,0
Pineapple,Cinnamon,1,0
Pineapple,Cocoa,1,0
Pineapple,Coconut,2,0
Pineapple,Cream,1,0
Pineapple,Eye,-2,0
Pineapple,FishBone,-2,0
Pineapple,Flour,1,0
Pineapple,Garlic,-1,0
Pineapple,Gooseberry,3,0
Pineapple,Ice,1,0
Pineapple,Kiwi,2,0
Pineapple,Mandragora,-3,0
Pineapple,Mango,2,0
Pineapple,Mayonnaise,-1,0
Pineapple,Milk,1,0
Pineapple,Nori,-1,0
Pineapple,Nutmeg,1,0
Pineapple,Orange,2,0
Pineapple,Papaya,2,0
Pineapple,Peach,3,0
Pineapple,Pumpkin,1,0
Pineapple,Salad,1,0
Pineapple,Strawberry,2,0
Pineapple,Sugar,1,0
Pineapple,Vanilla,1,0
Pineapple,Vinegar,-1,0
Pineapple,Wasabi,-1,0
Pineapple,Wheat,1,0
Plums,Bones,-2,0
Plums,Cinnamon,1,0
Plums,Cocoa,1,0
Plums,Cream,1,0
Plums,Eye,-2,0
Plums,FishBone,-2,0
Plums,Garlic,-1,0
Plums,GrapesGreen,2,0
Plums,GrapesRed,2,0
Plums,Ice,1,0
Plums,Mandragora,-3,0
Plums,Mayonnaise,-1,0
Plums,Melon,2,0
Plums,Milk,1,0
Plums,Nori,-1,0
Plums,Nutmeg,1,0
Plums,Onion,-2,0
Plums,Peach,2,0
Plums,Pumpkin,1,0
Plums,Salad,1,0
Plums,Sugar,1,0
Plums,Vanilla,1,0
Plums,Vinegar,-1,0
Plums,Wasabi,-1,0
Pomegranate,Apple,2,0
Pomegranate,Banana,2,0
Pomegranate,Blueberries,2,0
Pomegranate,Bones,-2,0
Pomegranate,Cinnamon,1,0
Pomegranate,Cocoa,1,0
Pomegranate,Coconut,2,0
Pomegranate,Cream,1,0
Pomegranate,Eye,-2,0
Pomegranate,FishBone,-2,0
Pomegranate,Flour,1,0
Pomegranate,Garlic,-1,0
Pomegranate,Gooseberry,1,0
Pomegranate,Ice,1,0
Pomegranate,Malt,1,0
Pomegranate,Mandragora,-3,0
Pomegranate,Mango,2,0
Pomegranate,Mayonnaise,-1,0
Pomegranate,Milk,1,0
Pomegranate,Nori,-1,0
Pomegranate,Nutmeg,1,0
Pomegranate,Orange,2,0
Pomegranate,Pumpkin,1,0
Pomegranate,Salad,1,0
Pomegranate,Sugar,1,0
Pomegranate,Vanilla,1,0
Pomegranate,Vinegar,-1,0
Pomegranate,Wasabi,-1,0
Pomegranate,Wheat,1,0
Pomegranate,Yogurt,2,0
Strawberry,Banana,3,0
Strawberry,Blueberries,2,0
Strawberry,Bones,-2,0
Strawberry,Cinnamon,1,0
Strawberry,Cocoa,1,0
Strawberry,Coconut,2,0
Strawberry,Cream,4,0
Strawberry,Eye,-2,0
Strawberry,FishBone,-2,0
Strawberry,Flour,1,0
Strawberry,Garlic,-1,0
Strawberry,Gooseberry,1,0
Strawberry,Ice,1,0
Strawberry,Kiwi,2,0
Strawberry,Lemon,3,0
Strawberry,Lime,1,0
Strawberry,Malt,2,0
Strawberry,Mandragora,-3,0
Strawberry,Mango,2,0
Strawberry,Mayonnaise,-1,0
Strawberry,Milk,4,0
Strawberry,Nori,-1,0
Strawberry,Nutmeg,1,0
Strawberry,Onion,-2,0
Strawberry,Orange,2,0
Strawberry,Peach,2,0
Strawberry,Pineapple,2,0
Strawberry,Pumpkin,1,0
Strawberry,Salad,1,0
Strawberry,Sugar,1,0
Strawberry,Vanilla,1,0
Strawberry,Vinegar,-1,0
Strawberry,Wasabi,-1,0
Strawberry,Wheat,1,0
Strawberry,Yogurt,2,0
Gooseberry,Apple,2,0
Gooseberry,Bones,-2,0
Gooseberry,Cherry,3,0
Gooseberry,Cocoa,1,0
Gooseberry,Cream,3,0
Gooseberry,Eye,-2,0
Gooseberry,FishBone,-2,0
Gooseberry,GrapesGreen,2,0
Gooseberry,Kiwi,1,0
Gooseberry,Mandragora,-3,0
Gooseberry,Milk,1,0
Gooseberry,Orange,2,0
Gooseberry,Peach,3,0
Gooseberry,Pear,2,0
Gooseberry,Pineapple,3,0
Gooseberry,Pomegranate,1,0
Gooseberry,Strawberry,1,0
Gooseberry,Vinegar,-1,0
Gooseberry,Water,1,0
Gooseberry,Yogurt,2,0
Watermelon,Apple,2,0
Watermelon,Blueberries,2,0
Watermelon,Bones,-2,0
Watermelon,Cherry,2,0
Watermelon,Cream,2,0
Watermelon,Eye,-2,0
Watermelon,FishBone,-2,0
Watermelon,Garlic,-2,0
Watermelon,GrapesGreen,2,0
Watermelon,GrapesRed,2,0
Watermelon,Kiwi,2,0
Watermelon,Malt,1,0
Watermelon,Mandragora,-3,0
Watermelon,Mayonnaise,-2,0
Watermelon,Nuts,1,0
Watermelon,Onion,-2,0
Watermelon,Papaya,3,0
Watermelon,Peach,2,0
Watermelon,Salt,-3,0
Watermelon,Vanilla,2,0
Watermelon,Vinegar,-1,0
Watermelon,Wasabi,-2,0
Algae,Beans,3,0
Algae,BellPepper,1,0
Algae,Cabbage,2,0
Algae,Corn,1,0
Algae,Cucumber,2,0
Algae,Eggplant,2,0
Algae,Flour,2,0
Algae,GreenOnion,1,0
Algae,Ice,-2,0
Algae,Mandragora,-3,0
Algae,Oil,2,0
Algae,Rice,3,0
Algae,Tea,1,0
Algae,Wheat,-1,0
Algae,Yeast,-2,0
Asparagus,Beef,2,0
Asparagus,Butter,3,0
Asparagus,Carp,1,0
Asparagus,Cheese,2,0
Asparagus,Chicken,3,0
Asparagus,Garlic,3,0
Asparagus,Lamb,3,0
Asparagus,Lobster,2,0
Asparagus,Mandragora,-3,0
Asparagus,Mushroom,2,0
Asparagus,Nuts,3,0
Asparagus,Potato,2,0
Asparagus,Salmon,2,0
Asparagus,Salt,2,0
Beans,Algae,3,0
Beans,Avocado,3,0
Beans,Beef,1,0
Beans,BellPepper,2,0
Beans,Broccoli,2,0
Beans,Butter,3,0
Beans,Cheese,3,0
Beans,Corn,2,0
Beans,Dill,2,0
Beans,Garlic,2,0
Beans,Lemon,2,0
Beans,Lime,2,0
Beans,Mandragora,-3,0
Beans,Oil,1,1
Beans,Onion,2,0
Beans,Paprika,1,0
Beans,Pepper,2,1
Beans,RedPepper,3,0
Beans,Rice,2,1
Beans,Salt,2,1
Beans,Tomato,3,1
Beans,Vanilla,1,0
Beans,Vinegar,2,0
Beans,Water,2,1
Beet,Butter,2,0
Beet,Cheese,2,0
Beet,Duck,2,0
Beet,Honey,2,0
Beet,Mandragora,-3,0
Beet,Nuts,2,0
Beet,Oil,1,0
Beet,Salad,3,0
Beet,Vanilla,1,0
BellPepper,Algae,1,0
BellPepper,Avocado,2,0
BellPepper,Beans,2,0
BellPepper,Cheese,2,0
BellPepper,Coffee,-4,0
BellPepper,Corn,1,0
BellPepper,Garlic,2,0
BellPepper,Mandragora,-3,0
BellPepper,Mushroom,1,0
BellPepper,Onion,5,0
BellPepper,Rice,4,0
BellPepper,Salt,1,0
BellPepper,Tea,-4,0
BellPepper,Tomato,2,0
BellPepper,Yogurt,-5,0
Broccoli,Avocado,2,0
Broccoli,Beans,2,0
Broccoli,Beef,3,0
Broccoli,Carp,2,0
Broccoli,Carrot,6,0
Broccoli,Cheese,1,0
Broccoli,Chicken,4,0
Broccoli,Coffee,-4,0
Broccoli,Garlic,3,0
Broccoli,Ginger,3,0
Broccoli,GrapesGreen,-3,0
Broccoli,GrapesRed,-3,0
Broccoli,Lamb,2,0
Broccoli,Lemon,2,0
Broccoli,Lime,2,0
Broccoli,Lobster,2,0
Broccoli,Makarel,2,0
Broccoli,Mandragora,-3,0
Broccoli,Meat,2,0
Broccoli,Mushroom,5,0
Broccoli,Onion,2,0
Broccoli,Pepper,1,0
Broccoli,Pork,2,0
Broccoli,Rice,2,0
Broccoli,Salad,2,0
Broccoli,Salmon,3,0
Broccoli,Salt,1,0
Broccoli,Shrimp,3,0
Broccoli,Tea,-4,0
Broccoli,Tuna,2,0
Broccoli,Turkey,2,0
Cabbage,Algae,2,0
Cabbage,Anise,2,0
Cabbage,Basil,1,0
Cabbage,Beef,1,0
Cabbage,Cardamon,2,0
Cabbage,Carrot,1,0
Cabbage,Chicken,1,0
Cabbage,Coriander,1,0
Cabbage,Curcuma,2,0
Cabbage,Dill,2,0
Cabbage,Duck,3,0
Cabbage,Eggplant,2,0
Cabbage,Ginger,1,0
Cabbage,Lamb,1,0
Cabbage,Lemongrass,1,0
Cabbage,Mandragora,-3,0
Cabbage,Meat,1,0
Cabbage,Nutmeg,2,0
Cabbage,Paprika,2,0
Cabbage,Pork,1,0
Cabbage,Potato,2,0
Cabbage,Salt,1,0
Carrot,Bones,2,0
Carrot,Broccoli,6,0
Carrot,Cabbage,1,0
Carrot,Chicken,2,1
Carrot,Coriander,1,0
Carrot,Duck,2,0
Carrot,FuguFish,2,0
Carrot,Garlic,2,0
Carrot,Ginger,4,0
Carrot,GreenOnion,1,0
Carrot,Hop,3,0
Carrot,Lamb,4,0
Carrot,Lemon,1,0
Carrot,Mandragora,-3,0
Carrot,Mushroom,2,0
Carrot,Nori,3,1
Carrot,Oil,2,1
Carrot,Onion,3,0
Carrot,Peas,5,0
Carrot,Potato,1,0
Carrot,Rice,2,1
Carrot,Salad,4,0
Carrot,Zucchini,2,0
Clover,Ice,5,0
Clover,Salad,8,0
Clover,Vinegar,5,0
Corn,Algae,1,0
Corn,Avocado,2,0
Corn,Beans,2,0
Corn,Beef,1,0
Corn,BellPepper,1,0
Corn,Butter,8,0
Corn,Cheese,1,0
Corn,Cream,2,0
Corn,Lobster,2,0
Corn,Mandragora,-3,0
Corn,Salad,2,0
Corn,Tomato,2,0
Corn,Vinegar,2,0
Corn,Zucchini,2,0
Cucumber,Algae,2,0
Cucumber,Avocado,2,0
Cucumber,Chicken,2,0
Cucumber,Coriander,3,0
Cucumber,Dill,5,0
Cucumber,Ice,2,0
Cucumber,Mandragora,-3,0
Cucumber,Pepper,3,0
Cucumber,Salad,4,0
Cucumber,Tomato,2,0
Cucumber,Tuna,2,0
Cucumber,Yogurt,2,0
Eggplant,Algae,2,0
Eggplant,Beef,1,0
Eggplant,Butter,2,0
Eggplant,Cabbage,2,0
Eggplant,Cheese,3,0
Eggplant,Dill,2,0
Eggplant,Egg,2,0
Eggplant,Garlic,2,0
Eggplant,Mandragora,-3,0
Eggplant,Meat,1,0
Eggplant,Mushroom,5,0
Eggplant,Nuts,2,0
Eggplant,Onion,2,0
Eggplant,Potato,1,0
Eggplant,Rice,1,0
Eggplant,Salad,2,0
Eggplant,Salt,2,0
Eggplant,Tuna,2,0
Eggplant,Zucchini,2,0
Garlic,Asparagus,3,0
Garlic,Avocado,1,0
Garlic,Beans,2,0
Garlic,Beef,1,0
Garlic,BellPepper,2,0
Garlic,Blueberries,-1,0
Garlic,Bones,1,0
Garlic,Broccoli,3,0
Garlic,Butter,2,0
Garlic,Carp,1,0
Garlic,Carrot,2,0
Garlic,Cherry,-1,0
Garlic,Chicken,1,0
Garlic,Eel,1,0
Garlic,Eggplant,2,0
Garlic,Ginger,2,0
Garlic,GrapesGreen,-1,0
Garlic,GrapesRed,-1,0
Garlic,Hop,2,0
Garlic,Jerky,2,0
Garlic,Kiwi,-1,0
Garlic,Lamb,2,0
Garlic,Lemon,3,0
Garlic,Lime,3,0
Garlic,Lobster,2,0
Garlic,Makarel,2,0
Garlic,Mandragora,-3,0
Garlic,Mango,-1,0
Garlic,Melon,-2,0
Garlic,Mushroom,2,0
Garlic,Octopus,1,0
Garlic,Oil,1,0
Garlic,Onion,4,0
Garlic,Orange,-1,0
Garlic,Oysters,2,0
Garlic,Papaya,-1,0
Garlic,Peach,-1,0
Garlic,Pear,-1,0
Garlic,Pineapple,-1,0
Garlic,Piranha,2,0
Garlic,Plums,-1,0
Garlic,Pomegranate,-1,0
Garlic,Potato,2,0
Garlic,Rice,1,0
Garlic,Salt,1,0
Garlic,Shrimp,4,0
Garlic,Strawberry,-1,0
Garlic,Tomato,1,0
Garlic,Watermelon,-2,0
Garlic,Yogurt,-3,0
GreenOnion,Algae,1,0
GreenOnion,Banana,-1,0
GreenOnion,Beef,1,0
GreenOnion,Carp,1,0
GreenOnion,Carrot,1,0
GreenOnion,Cheese,-2,0
GreenOnion,Chicken,2,0
GreenOnion,Coffee,-2,0
GreenOnion,Egg,1,0
GreenOnion,Ginger,4,0
GreenOnion,Lamb,3,0
GreenOnion,Lemongrass,2,0
GreenOnion,Lobster,1,0
GreenOnion,Makarel,1,0
GreenOnion,Malt,-1,0
GreenOnion,Mandragora,-3,0
GreenOnion,Mayonnaise,-2,0
GreenOnion,Meat,2,0
GreenOnion,Milk,-2,0
GreenOnion,Mushroom,2,0
GreenOnion,Octopus,1,0
GreenOnion,Oysters,1,0
GreenOnion,Piranha,1,0
GreenOnion,Pork,3,0
GreenOnion,Rice,3,0
GreenOnion,Salad,1,0
GreenOnion,Shrimp,3,0
GreenOnion,Tea,-2,0
GreenOnion,Turkey,1,0
Mandragora,Algae,-3,0
Mandragora,Anise,-3,0
Mandragora,Apple,-3,0
Mandragora,Asparagus,-3,0
Mandragora,Avocado,-3,0
Mandragora,BakingPowder,-3,0
Mandragora,Banana,-3,0
Mandragora,Basil,-3,0
Mandragora,Beans,-3,0
Mandragora,Beef,-3,0
Mandragora,Beet,-3,0
Mandragora,BellPepper,-3,0
Mandragora,Blackthorn,-3,0
Mandragora,Blueberries,-3,0
Mandragora,Bones,66,0
Mandragora,Broccoli,-3,0
Mandragora,Butter,-3,0
Mandragora,Cabbage,-3,0
Mandragora,Cardamon,-3,0
Mandragora,Carp,-3,0
Mandragora,Carrot,-3,0
Mandragora,Caviar,-3,0
Mandragora,Celery,-3,0
Mandragora,Cheese,-3,0
Mandragora,Cherry,-3,0
Mandragora,Chicken,-3,0
Mandragora,Cinnamon,-3,0
Mandragora,Cocoa,-3,0
Mandragora,Coconut,-3,0
Mandragora,CoconutMilk,-3,0
Mandragora,Coffee,-3,0
Mandragora,Coriander,-3,0
Mandragora,Corn,-3,0
Mandragora,Cream,-3,0
Mandragora,Cucumber,-3,0
Mandragora,Curcuma,-3,0
Mandragora,Dill,-3,0
Mandragora,Duck,-3,0
Mandragora,Eel,-3,0
Mandragora,Egg,-3,0
Mandragora,Eggplant,-3,0
Mandragora,Eye,66,0
Mandragora,FishBone,66,0
Mandragora,Flour,-3,0
Mandragora,Garlic,-3,0
Mandragora,Ginger,-3,0
Mandragora,Gooseberry,-3,0
Mandragora,GrapesGreen,-3,0
Mandragora,GrapesRed,-3,0
Mandragora,GreenOnion,-3,0
Mandragora,Honey,-3,0
Mandragora,Hop,-3,0
Mandragora,Ice,-3,0
Mandragora,Jerky,-3,0
Mandragora,Kiwi,-3,0
Mandragora,Lamb,-3,0
Mandragora,Lemon,-3,0
Mandragora,Lemongrass,-3,0
Mandragora,Lime,-3,0
Mandragora,Lobster,-3,0
Mandragora,Makarel,-3,0
Mandragora,Malt,-3,0
Mandragora,Mango,-3,0
Mandragora,Mayonnaise,-3,0
Mandragora,Meat,-3,0
Mandragora,Melon,-3,0
Mandragora,Milk,-3,0
Mandragora,Mushroom,-3,0
Mandragora,Nori,-3,0
Mandragora,Nutmeg,-3,0
Mandragora,Nuts,-3,0
Mandragora,Octopus,-3,0
Mandragora,Oil,-3,0
Mandragora,Onion,3,0
Mandragora,Orange,-3,0
Mandragora,Oysters,-3,0
Mandragora,Papaya,-3,0
Mandragora,Paprika,-3,0
Mandragora,Peach,-3,0
Mandragora,Pear,-3,0
Mandragora,Peas,-3,0
Mandragora,Pepper,-3,0
Mandragora,Pineapple,-3,0
Mandragora,Piranha,66,0
Mandragora,Plums,-3,0
Mandragora,Pomegranate,-3,0
Mandragora,Pork,-3,0
Mandragora,Potato,-3,0
Mandragora,Pumpkin,-3,0
Mandragora,Raddish,-3,0
Mandragora,Rice,-3,0
Mandragora,Saffron,-3,0
Mandragora,Salad,-3,0
Mandragora,Salmon,-3,0
Mandragora,Sausage,-3,0
Mandragora,Shrimp,-3,0
Mandragora,Strawberry,-3,0
Mandragora,Sugar,-3,0
Mandragora,Tea,-3,0
Mandragora,Tomato,-3,0
Mandragora,TonkaBean,-3,0
Mandragora,Tuna,-3,0
Mandragora,Turkey,-3,0
Mandragora,Vanilla,-3,0
Mandragora,Vinegar,-3,0
Mandragora,Wasabi,-3,0
Mandragora,Watermelon,-3,0
Mandragora,Wheat,-3,0
Mandragora,Yeast,-3,0
Mandragora,Yogurt,-3,0
Mandragora,Zucchini,-3,0
Mushroom,Asparagus,2,0
Mushroom,Beef,3,0
Mushroom,BellPepper,1,0
Mushroom,Broccoli,5,0
Mushroom,Butter,3,0
Mushroom,Carrot,2,0
Mushroom,Cheese,2,0
Mushroom,Chicken,3,0
Mushroom,Duck,1,0
Mushroom,Eggplant,5,0
Mushroom,Garlic,2,0
Mushroom,GreenOnion,2,0
Mushroom,Hop,2,0
Mushroom,Lemongrass,2,0
Mushroom,Lobster,2,0
Mushroom,Mandragora,-3,0
Mushroom,Nori,3,0
Mushroom,Onion,3,0
Mushroom,Pepper,2,0
Mushroom,RedPepper,2,0
Mushroom,Rice,2,0
Mushroom,Salt,2,0
Mushroom,Turkey,2,0
Mushroom,Yeast,-2,0
Nori,Avocado,1,0
Nori,Banana,-1,1
Nori,Blueberries,-1,0
Nori,Carp,6,0
Nori,Carrot,3,1
Nori,Caviar,1,0
Nori,Cheese,-8,0
Nori,Cherry,-1,1
Nori,Eel,6,0
Nori,FuguFish,6,0
Nori,GrapesGreen,-1,0
Nori,GrapesRed,-1,0
Nori,Kiwi,-1,0
Nori,Makarel,6,0
Nori,Mandragora,-3,0
Nori,Mango,-1,0
Nori,Mayonnaise,-2,0
Nori,Mushroom,3,0
Nori,Octopus,6,0
Nori,Orange,-1,0
Nori,Oysters,4,0
Nori,Papaya,-1,0
Nori,Peach,-1,0
Nori,Pear,-1,0
Nori,Pineapple,-1,0
Nori,Piranha,3,0
Nori,Plums,-1,0
Nori,Pomegranate,-1,0
Nori,Rice,10,1
Nori,Salad,2,0
Nori,Salmon,6,1
Nori,Shrimp,6,0
Nori,Strawberry,-1,0
Nori,Tuna,6,0
Nori,Wasabi,6,0
Onion,Apple,1,0
Onion,Banana,-1,0
Onion,Basil,2,0
Onion,Beans,2,0
Onion,Beef,5,0
Onion,BellPepper,5,0
Onion,Bones,2,0
Onion,Broccoli,2,0
Onion,Butter,4,0
Onion,Carp,2,0
Onion,Carrot,3,0
Onion,Chicken,4,0
Onion,Cocoa,-5,0
Onion,Coriander,2,0
Onion,Duck,4,0
Onion,Eel,2,0
Onion,Eggplant,2,0
Onion,Eye,2,0
Onion,FishBone,2,0
Onion,FuguFish,2,0
Onion,Garlic,4,0
Onion,Ginger,3,0
Onion,Hop,2,0
Onion,Lamb,3,0
Onion,Lemon,1,0
Onion,Lobster,3,0
Onion,Makarel,3,0
Onion,Mandragora,3,0
Onion,Meat,3,0
Onion,Melon,-2,0
Onion,Mushroom,3,0
Onion,Octopus,2,0
Onion,Oysters,3,0
Onion,Peas,2,0
Onion,Pepper,1,0
Onion,Piranha,2,0
Onion,Plums,-2,0
Onion,Potato,2,0
Onion,RedPepper,4,0
Onion,Rice,4,0
Onion,Salad,1,0
Onion,Salmon,2,0
Onion,Salt,3,0
Onion,Shrimp,2,0
Onion,Strawberry,-2,0
Onion,Tuna,2,0
Onion,Turkey,4,0
Onion,Water,4,0
Onion,Watermelon,-2,0
Peas,Basil,1,0
Peas,Butter,2,0
Peas,Carrot,5,0
Peas,Cocoa,-5,0
Peas,Lamb,1,0
Peas,Mandragora,-3,0
Peas,Onion,2,0
Peas,Potato,2,0
Peas,Salad,4,0
Peas,Salt,3,0
Potato,Asparagus,2,0
Potato,BakingPowder,3,0
Potato,Basil,2,0
Potato,Beef,4,0
Potato,Butter,4,0
Potato,Cabbage,2,0
Potato,Carrot,1,0
Potato,Caviar,4,0
Potato,Cheese,4,0
Potato,Chicken,4,0
Potato,Cream,4,0
Potato,Duck,3,0
Potato,Egg,1,0
Potato,Eggplant,1,0
Potato,Garlic,2,0
Potato,Hop,2,0
Potato,Lamb,3,0
Potato,Lemongrass,3,0
Potato,Mandragora,-3,0
Potato,Meat,3,0
Potato,Milk,3,0
Potato,Oil,1,0
Potato,Onion,2,0
Potato,Paprika,4,0
Potato,Peas,2,0
Potato,Pepper,4,0
Potato,Pork,3,0
Potato,Raddish,1,0
Potato,Saffron,4,0
Potato,Salad,2,0
Potato,Salmon,4,0
Potato,Salt,4,0
Potato,Sausage,3,0
Potato,Tomato,1,0
Potato,Turkey,6,0
Potato,Water,2,0
Potato,Wheat,2,0
Potato,Zucchini,3,0
Pumpkin,BakingPowder,2,0
Pumpkin,Blueberries,1,0
Pumpkin,Butter,2,0
Pumpkin,Cherry,1,0
Pumpkin,Cinnamon,6,0
Pumpkin,Coffee,2,0
Pumpkin,Cream,2,0
Pumpkin,Flour,3,0
Pumpkin,Ginger,2,0
Pumpkin,GrapesGreen,1,0
Pumpkin,GrapesRed,1,0
Pumpkin,Kiwi,1,0
Pumpkin,Mandragora,-3,0
Pumpkin,Mango,1,0
Pumpkin,Milk,2,0
Pumpkin,Nutmeg,6,0
Pumpkin,Nuts,2,0
Pumpkin,Orange,1,0
Pumpkin,Papaya,1,0
Pumpkin,Peach,1,0
Pumpkin,Pear,1,0
Pumpkin,Pineapple,1,0
Pumpkin,Plums,1,0
Pumpkin,Pomegranate,1,0
Pumpkin,Salt,2,0
Pumpkin,Strawberry,1,0
Pumpkin,Sugar,4,0
Pumpkin,Vanilla,5,0
Pumpkin,Water,1,0
Pumpkin,Wheat,2,0
Pumpkin,Yeast,1,0
Pumpkin,Yogurt,2,0
Salad,Anise,2,0
Salad,Avocado,2,0
Salad,Basil,4,0
Salad,Beet,3,0
Salad,Blueberries,1,0
Salad,Broccoli,2,0
Salad,Cardamon,2,0
Salad,Carrot,4,0
Salad,Celery,2,0
Salad,Cherry,1,0
Salad,Chicken,3,0
Salad,Clover,8,0
Salad,Cocoa,-5,0
Salad,Coriander,4,0
Salad,Corn,2,0
Salad,Cucumber,4,0
Salad,Egg,5,0
Salad,Eggplant,2,0
Salad,GrapesGreen,1,0
Salad,GrapesRed,1,0
Salad,GreenOnion,1,0
Salad,Kiwi,1,0
Salad,Lemon,2,0
Salad,Lemongrass,2,0
Salad,Lime,2,0
Salad,Mandragora,-3,0
Salad,Mango,1,0
Salad,Nori,2,0
Salad,Onion,1,0
Salad,Orange,1,0
Salad,Papaya,1,0
Salad,Peach,1,0
Salad,Pear,1,0
Salad,Peas,4,0
Salad,Pineapple,1,0
Salad,Plums,1,0
Salad,Pomegranate,1,0
Salad,Potato,2,0
Salad,Raddish,4,0
Salad,Rice,-3,0
Salad,Salmon,2,0
Salad,Shrimp,1,0
Salad,Strawberry,1,0
Salad,Tomato,4,0
Salad,Tuna,5,0
Salad,Zucchini,4,0
Tomato,Avocado,2,0
Tomato,Basil,5,0
Tomato,Beans,3,1
Tomato,Beef,2,0
Tomato,BellPepper,2,0
Tomato,Cheese,5,0
Tomato,Corn,2,0
Tomato,Cucumber,2,0
Tomato,Garlic,1,0
Tomato,Lime,1,0
Tomato,Mandragora,-3,0
Tomato,Potato,1,0
Tomato,RedPepper,4,0
Tomato,Rice,2,1
Tomato,Salad,4,0
Tomato,Salt,2,1
Tomato,Sausage,5,0
Tomato,Zucchini,2,0
Zucchini,BakingPowder,2,0
Zucchini,Beef,2,0
Zucchini,Butter,2,0
Zucchini,Carrot,2,0
Zucchini,Celery,2,0
Zucchini,Cheese,2,0
Zucchini,Chicken,2,0
Zucchini,Corn,2,0
Zucchini,Eggplant,2,0
Zucchini,Flour,2,0
Zucchini,Mandragora,-3,0
Zucchini,Potato,3,0
Zucchini,Raddish,2,0
Zucchini,Rice,2,0
Zucchini,Salad,4,0
Zucchini,Salt,2,0
Zucchini,Tomato,2,0
Zucchini,Wheat,2,0
Celery,Basil,2,0
Celery,Butter,1,0
Celery,Chicken,2,0
Celery,Coriander,1,0
Celery,Egg,3,0
Celery,Lemongrass,1,0
Celery,Mandragora,-3,0
Celery,Nuts,3,0
Celery,Salad,2,0
Celery,Water,4,0
Celery,Zucchini,2,0
Raddish,Bones,2,0
Raddish,Butter,4,0
Raddish,Dill,3,0
Raddish,Mandragora,-3,0
Raddish,Potato,1,0
Raddish,Rice,3,0
Raddish,Salad,4,0
Raddish,Tea,3,0
Raddish,Vanilla,2,0
Raddish,Vinegar,3,0
Raddish,Water,3,0
Raddish,Zucchini,2,0
Hop,Anise,1,0
Hop,Beef,1,0
Hop,Carrot,3,0
Hop,Coriander,1,0
Hop,Curcuma,2,0
Hop,Garlic,2,0
Hop,Mandragora,-3,0
Hop,Meat,2,0
Hop,Mushroom,2,0
Hop,Onion,2,0
Hop,Paprika,1,0
Hop,Pepper,2,0
Hop,Potato,2,0
Hop,Salt,2,0
Hop,Water,5,0
Beef,Asparagus,2,0
Beef,Avocado,1,0
Beef,Beans,1,0
Beef,Bones,2,0
Beef,Broccoli,3,0
Beef,Butter,4,0
Beef,Cabbage,1,0
Beef,Cheese,3,0
Beef,Coriander,2,0
Beef,Corn,1,0
Beef,Egg,1,0
Beef,Eggplant,1,0
Beef,Flour,1,0
Beef,Garlic,1,0
Beef,GreenOnion,1,0
Beef,Honey,3,0
Beef,Hop,1,0
Beef,Lemon,1,0
Beef,Lobster,5,0
Beef,Mandragora,-3,0
Beef,Mushroom,3,0
Beef,Nutmeg,3,0
Beef,Onion,5,0
Beef,Pepper,4,0
Beef,Potato,4,0
Beef,Rice,4,0
Beef,Salt,5,0
Beef,Shrimp,6,0
Beef,Tomato,2,0
Beef,Wheat,1,0
Beef,Zucchini,2,0
Bones,Apple,-2,0
Bones,Avocado,-2,0
Bones,Banana,-2,0
Bones,Beef,2,0
Bones,Blackthorn,-2,0
Bones,Blueberries,-2,0
Bones,Carrot,2,0
Bones,Cherry,-2,0
Bones,Coconut,-2,0
Bones,Eye,3,0
Bones,FishBone,3,0
Bones,Garlic,1,0
Bones,Gooseberry,-2,0
Bones,GrapesGreen,-2,0
Bones,GrapesRed,-2,0
Bones,Kiwi,-2,0
Bones,Lemon,-2,0
Bones,Lime,-2,0
Bones,Mandragora,66,0
Bones,Mango,-2,0
Bones,Melon,-2,0
Bones,Onion,2,0
Bones,Orange,-2,0
Bones,Papaya,-2,0
Bones,Peach,-2,0
Bones,Pear,-2,0
Bones,Pineapple,-2,0
Bones,Plums,-2,0
Bones,Pomegranate,-2,0
Bones,Raddish,2,0
Bones,Salt,3,0
Bones,Strawberry,-2,0
Bones,Water,3,0
Bones,Watermelon,-2,0
Carp,Asparagus,1,0
Carp,Broccoli,2,0
Carp,Butter,4,0
Carp,Garlic,1,0
Carp,GreenOnion,1,0
Carp,Lemon,2,0
Carp,Lemongrass,3,0
Carp,Lime,2,0
Carp,Mandragora,-3,0
Carp,Nori,6,0
Carp,Onion,2,0
Carp,Pepper,4,0
Carp,Rice,1,0
Carp,Salt,4,0
Caviar,Banana,-1,0
Caviar,Butter,1,0
Caviar,Cream,3,0
Caviar,Ice,5,0
Caviar,Mandragora,-3,0
Caviar,Nori,1,0
Caviar,Potato,4,0
Chicken,Asparagus,3,0
Chicken,Avocado,1,0
Chicken,Basil,3,0
Chicken,Broccoli,4,0
Chicken,Butter,2,0
Chicken,Cabbage,1,0
Chicken,Carrot,2,1
Chicken,Celery,2,0
Chicken,Cheese,3,0
Chicken,Coriander,3,0
Chicken,Cucumber,2,0
Chicken,Flour,4,1
Chicken,Garlic,1,0
Chicken,Ginger,3,0
Chicken,GreenOnion,2,0
Chicken,Lemon,2,0
Chicken,Lemongrass,3,0
Chicken,Lime,3,0
Chicken,Mandragora,-3,0
Chicken,Mushroom,3,0
Chicken,Onion,4,0
Chicken,Paprika,3,0
Chicken,Pepper,3,1
Chicken,Potato,4,0
Chicken,RedPepper,3,0
Chicken,Rice,3,1
Chicken,Salad,3,0
Chicken,Salt,2,1
Chicken,Vanilla,1,0
Chicken,Zucchini,2,0
Duck,Beet,2,0
Duck,Butter,2,0
Duck,Cabbage,3,0
Duck,Carrot,2,0
Duck,CoconutMilk,2,0
Duck,Ginger,2,0
Duck,Lemon,1,0
Duck,Mandragora,-3,0
Duck,Mushroom,1,0
Duck,Nuts,3,0
Duck,Onion,4,0
Duck,Pepper,2,0
Duck,Potato,3,0
Duck,Rice,2,0
Duck,Salt,1,0
Eel,Garlic,1,0
Eel,Mandragora,-3,0
Eel,Nori,6,0
Eel,Onion,2,0
Eel,Rice,2,0
Eel,Wasabi,5,0
Eye,Apple,-2,0
Eye,Avocado,-2,0
Eye,Banana,-2,0
Eye,Blackthorn,-2,0
Eye,Blueberries,-2,0
Eye,Bones,3,0
Eye,Cherry,-2,0
Eye,Coconut,-2,0
Eye,FishBone,3,0
Eye,FuguFish,3,0
Eye,Gooseberry,-2,0
Eye,GrapesGreen,-2,0
Eye,GrapesRed,-2,0
Eye,Jerky,-2,0
Eye,Kiwi,-2,0
Eye,Lamb,-2,0
Eye,Lemon,-2,0
Eye,Lime,-2,0
Eye,Lobster,-2,0
Eye,Makarel,-2,0
Eye,Mandragora,66,0
Eye,Mango,-2,0
Eye,Meat,-2,0
Eye,Melon,-2,0
Eye,Octopus,-2,0
Eye,Onion,2,0
Eye,Orange,-2,0
Eye,Oysters,-2,0
Eye,Papaya,-2,0
Eye,Peach,-2,0
Eye,Pear,-2,0
Eye,Pineapple,-2,0
Eye,Piranha,6,0
Eye,Plums,-2,0
Eye,Pomegranate,-2,0
Eye,Pork,-3,0
Eye,RedPepper,3,0
Eye,Salmon,-3,0
Eye,Salt,3,0
Eye,Sausage,-3,0
Eye,Shrimp,-3,0
Eye,Strawberry,-2,0
Eye,Tuna,-3,0
Eye,Turkey,-3,0
Eye,Watermelon,-2,0
FishBone,Apple,-2,0
FishBone,Avocado,-2,0
FishBone,Banana,-2,0
FishBone,Blackthorn,-2,0
FishBone,Blueberries,-2,0
FishBone,Bones,3,0
FishBone,Cherry,-2,0
FishBone,Coconut,-2,0
FishBone,Eye,3,0
FishBone,Flour,4,0
FishBone,Gooseberry,-2,0
FishBone,GrapesGreen,-2,0
FishBone,GrapesRed,-2,0
FishBone,Kiwi,-2,0
FishBone,Lemon,-2,0
FishBone,Lime,-2,0
FishBone,Mandragora,66,0
FishBone,Mango,-2,0
FishBone,Melon,-2,0
FishBone,Oil,4,0
FishBone,Onion,2,0
FishBone,Orange,-2,0
FishBone,Papaya,-2,0
FishBone,Peach,-2,0
FishBone,Pear,-2,0
FishBone,Pineapple,-2,0
FishBone,Plums,-2,0
FishBone,Pomegranate,-2,0
FishBone,Salt,3,0
FishBone,Strawberry,-2,0
FishBone,Water,3,0
FishBone,Watermelon,-2,0
FuguFish,Carrot,2,0
FuguFish,Eye,3,0
FuguFish,Lemon,2,0
FuguFish,Lime,2,0
FuguFish,Nori,6,0
FuguFish,Onion,2,0
FuguFish,RedPepper,3,0
FuguFish,Rice,6,0
FuguFish,Salt,3,0
FuguFish,Wasabi,5,0
FuguFish,Water,3,0
Jerky,Eye,-2,0
Jerky,Garlic,2,0
Jerky,Ginger,4,0
Jerky,Honey,5,0
Jerky,Mandragora,-3,0
Jerky,Nuts,2,0
Jerky,Paprika,5,0
Jerky,Pepper,4,0
Jerky,RedPepper,2,0
Jerky,Salt,4,0
Jerky,Sugar,5,0
Jerky,Wasabi,2,0
Lamb,Asparagus,3,0
Lamb,Broccoli,2,0
Lamb,Butter,3,0
Lamb,Cabbage,1,0
Lamb,Carrot,4,0
Lamb,Eye,-2,0
Lamb,Garlic,2,0
Lamb,GreenOnion,3,0
Lamb,Lemon,2,0
Lamb,Lemongrass,2,0
Lamb,Lime,2,0
Lamb,Mandragora,-3,0
Lamb,Onion,3,0
Lamb,Paprika,2,0
Lamb,Peas,1,0
Lamb,Pepper,2,0
Lamb,Potato,3,0
Lamb,Rice,3,0
Lamb,Saffron,6,0
Lamb,Salt,2,0
Lobster,Asparagus,2,0
Lobster,Basil,2,0
Lobster,Beef,5,0
Lobster,Broccoli,2,0
Lobster,Butter,6,0
Lobster,Cheese,3,0
Lobster,Corn,2,0
Lobster,Egg,2,0
Lobster,Eye,-2,0
Lobster,Flour,3,0
Lobster,Garlic,2,0
Lobster,GreenOnion,1,0
Lobster,Lemon,3,0
Lobster,Lemongrass,3,0
Lobster,Lime,3,0
Lobster,Mandragora,-3,0
Lobster,Mushroom,2,0
Lobster,Onion,3,0
Lobster,Pepper,2,0
Lobster,Rice,1,0
Lobster,Salt,2,0
Makarel,Broccoli,2,0
Makarel,Eye,-2,0
Makarel,Garlic,2,0
Makarel,GreenOnion,1,0
Makarel,Lemon,2,0
Makarel,Lime,2,0
Makarel,Mandragora,-3,0
Makarel,Nori,6,0
Makarel,Onion,3,0
Makarel,Rice,4,0
Makarel,Wasabi,4,0
Meat,Avocado,1,0
Meat,Broccoli,2,0
Meat,Butter,4,0
Meat,Cabbage,1,0
Meat,Cheese,4,0
Meat,Eggplant,1,0
Meat,Eye,-2,0
Meat,Ginger,3,0
Meat,GreenOnion,2,0
Meat,Hop,2,0
Meat,Lemon,1,0
Meat,Lime,1,0
Meat,Mandragora,-3,0
Meat,Onion,3,0
Meat,Paprika,2,0
Meat,Pepper,3,1
Meat,Potato,3,0
Meat,RedPepper,3,0
Meat,Salt,3,1
Octopus,BakingPowder,9,0
Octopus,Butter,5,0
Octopus,Eye,-2,0
Octopus,Garlic,1,0
Octopus,GreenOnion,1,0
Octopus,Mandragora,-3,0
Octopus,Nori,6,0
Octopus,Onion,2,0
Octopus,Rice,2,0
Octopus,Vanilla,9,0
Octopus,Wasabi,3,0
Oysters,Avocado,1,0
Oysters,Butter,3,0
Oysters,Dill,5,0
Oysters,Eye,-2,0
Oysters,Garlic,2,0
Oysters,GreenOnion,1,0
Oysters,Lemon,2,0
Oysters,Lemongrass,2,0
Oysters,Lime,2,0
Oysters,Mandragora,-3,0
Oysters,Nori,4,0
Oysters,Onion,3,0
Oysters,Pepper,2,0
Oysters,Vinegar,5,0
Oysters,Wasabi,2,0
Piranha,Basil,2,0
Piranha,Coriander,2,0
Piranha,Eye,6,0
Piranha,Garlic,2,0
Piranha,Ginger,2,0
Piranha,GreenOnion,1,0
Piranha,Lemon,1,0
Piranha,Lime,1,0
Piranha,Mandragora,66,0
Piranha,Nori,3,0
Piranha,Onion,2,0
Piranha,Wasabi,4,0
Pork,Apple,2,0
Pork,Avocado,1,0
Pork,Broccoli,2,0
Pork,Butter,3,0
Pork,Cabbage,1,0
Pork,Cheese,3,0
Pork,Dill,3,0
Pork,Eye,-3,0
Pork,Ginger,4,0
Pork,GreenOnion,3,0
Pork,Honey,4,0
Pork,Lemon,1,0
Pork,Lemongrass,3,0
Pork,Lime,1,0
Pork,Mandragora,-3,0
Pork,Mango,1,0
Pork,Papaya,1,0
Pork,Paprika,5,0
Pork,Peach,1,0
Pork,Pepper,4,0
Pork,Potato,3,0
Pork,RedPepper,4,0
Pork,Rice,2,0
Pork,Salt,3,0
Salmon,Asparagus,2,0
Salmon,Broccoli,3,0
Salmon,Coriander,2,0
Salmon,Cream,3,0
Salmon,Eye,-3,0
Salmon,Ginger,3,0
Salmon,Lemon,2,0
Salmon,Lemongrass,4,0
Salmon,Lime,2,0
Salmon,Mandragora,-3,0
Salmon,Nori,6,1
Salmon,Onion,2,0
Salmon,Paprika,2,0
Salmon,Pepper,3,1
Salmon,Potato,4,0
Salmon,Rice,4,1
Salmon,Salad,2,0
Salmon,Salt,2,1
Salmon,Wasabi,6,0
Sausage,Cheese,4,0
Sausage,Egg,4,0
Sausage,Eye,-3,0
Sausage,Mandragora,-3,0
Sausage,Paprika,4,0
Sausage,Pepper,4,0
Sausage,Potato,3,0
Sausage,RedPepper,4,0
Sausage,Salt,4,0
Sausage,Tomato,5,0
Shrimp,Avocado,1,0
Shrimp,Basil,4,0
Shrimp,Beef,6,0
Shrimp,Broccoli,3,0
Shrimp,Butter,4,0
Shrimp,Cheese,3,0
Shrimp,Cream,2,0
Shrimp,Eye,-3,0
Shrimp,Garlic,4,0
Shrimp,Ginger,5,0
Shrimp,GreenOnion,3,0
Shrimp,Honey,4,0
Shrimp,Lemon,7,0
Shrimp,Lemongrass,4,0
Shrimp,Lime,4,0
Shrimp,Mandragora,-3,0
Shrimp,Nori,6,0
Shrimp,Oil,2,0
Shrimp,Onion,2,0
Shrimp,Paprika,4,0
Shrimp,Pepper,4,0
Shrimp,RedPepper,4,0
Shrimp,Rice,5,0
Shrimp,Salad,1,0
Shrimp,Salt,3,0
Shrimp,Wasabi,4,0
Tuna,Broccoli,2,0
Tuna,Cocoa,-6,0
Tuna,Cream,3,0
Tuna,Cucumber,2,0
Tuna,Dill,2,0
Tuna,Egg,3,0
Tuna,Eggplant,2,0
Tuna,Eye,-3,0
Tuna,Mandragora,-3,0
Tuna,Mayonnaise,5,0
Tuna,Nori,6,0
Tuna,Oil,3,0
Tuna,Onion,2,0
Tuna,Paprika,3,0
Tuna,Pepper,3,0
Tuna,RedPepper,3,0
Tuna,Salad,5,0
Tuna,Vinegar,3,0
Tuna,Wasabi,3,0
Tuna,Yogurt,-5,0
Turkey,Anise,4,0
Turkey,Basil,2,0
Turkey,Broccoli,2,0
Turkey,Butter,3,0
Turkey,Cardamon,9,0
Turkey,Cheese,2,0
Turkey,Cinnamon,6,0
Turkey,Coriander,9,0
Turkey,Curcuma,9,0
Turkey,Dill,3,0
Turkey,Egg,3,0
Turkey,Eye,-3,0
Turkey,Ginger,4,0
Turkey,GreenOnion,1,0
Turkey,Honey,4,0
Turkey,Lemongrass,9,0
Turkey,Mandragora,-3,0
Turkey,Mushroom,2,0
Turkey,Nutmeg,4,0
Turkey,Onion,4,0
Turkey,Paprika,3,0
Turkey,Pepper,3,0
Turkey,Potato,6,0
Turkey,Rice,3,0
Turkey,Salt,3,0
Anise,Apple,3,0
Anise,Cabbage,2,0
Anise,Egg,6,0
Anise,Hop,1,0
Anise,Mandragora,-3,0
Anise,Salad,2,0
Anise,Turkey,4,0
Basil,Butter,4,0
Basil,Cabbage,1,0
Basil,Celery,2,0
Basil,Chicken,3,0
Basil,Coconut,1,0
Basil,Lobster,2,0
Basil,Mandragora,-3,0
Basil,Onion,2,0
Basil,Peas,1,0
Basil,Piranha,2,0
Basil,Potato,2,0
Basil,Salad,4,0
Basil,Shrimp,4,0
Basil,Tomato,5,0
Basil,Turkey,2,0
Cardamon,Cabbage,2,0
Cardamon,Mandragora,-3,0
Cardamon,Salad,2,0
Cardamon,Turkey,9,0
Cardamon,Vanilla,3,0
Cinnamon,Apple,3,0
Cinnamon,BakingPowder,4,0
Cinnamon,Banana,1,0
Cinnamon,Blueberries,1,0
Cinnamon,Butter,5,0
Cinnamon,Cherry,1,0
Cinnamon,Cocoa,2,0
Cinnamon,CoconutMilk,2,0
Cinnamon,Coffee,5,0
Cinnamon,Cream,3,0
Cinnamon,Flour,3,0
Cinnamon,GrapesGreen,1,0
Cinnamon,GrapesRed,1,0
Cinnamon,Kiwi,1,0
Cinnamon,Mandragora,-3,0
Cinnamon,Mango,1,0
Cinnamon,Mayonnaise,-6,0
Cinnamon,Milk,3,0
Cinnamon,Nutmeg,3,0
Cinnamon,Orange,1,0
Cinnamon,Papaya,1,0
Cinnamon,Peach,1,0
Cinnamon,Pear,1,0
Cinnamon,Pineapple,1,0
Cinnamon,Plums,1,0
Cinnamon,Pomegranate,1,0
Cinnamon,Pumpkin,6,0
Cinnamon,Strawberry,1,0
Cinnamon,Sugar,4,0
Cinnamon,TonkaBean,3,0
Cinnamon,Turkey,6,0
Cinnamon,Vanilla,4,0
Cinnamon,Vinegar,-5,0
Cinnamon,Wheat,2,0
Cinnamon,Yeast,2,0
Coriander,Beef,2,0
Coriander,Cabbage,1,0
Coriander,Carrot,1,0
Coriander,Celery,1,0
Coriander,Chicken,3,0
Coriander,Cucumber,3,0
Coriander,Hop,1,0
Coriander,Mandragora,-3,0
Coriander,Onion,2,0
Coriander,Piranha,2,0
Coriander,Salad,4,0
Coriander,Salmon,2,0
Coriander,Turkey,9,0
Curcuma,Cabbage,2,0
Curcuma,Hop,2,0
Curcuma,Mandragora,-3,0
Curcuma,Pepper,9,0
Curcuma,RedPepper,3,0
Curcuma,Saffron,2,0
Curcuma,Turkey,9,0
Dill,Beans,2,0
Dill,Cabbage,2,0
Dill,Cucumber,5,0
Dill,Eggplant,2,0
Dill,Mandragora,-3,0
Dill,Oysters,5,0
Dill,Pork,3,0
Dill,Raddish,3,0
Dill,Tuna,2,0
Dill,Turkey,3,0
Ginger,Apple,1,0
Ginger,Avocado,1,0
Ginger,Broccoli,3,0
Ginger,Cabbage,1,0
Ginger,Carrot,4,0
Ginger,Chicken,3,0
Ginger,Coconut,2,0
Ginger,Duck,2,0
Ginger,Garlic,2,0
Ginger,GreenOnion,4,0
Ginger,Jerky,4,0
Ginger,Lemon,1,0
Ginger,Lemongrass,4,0
Ginger,Lime,2,0
Ginger,Mandragora,-3,0
Ginger,Meat,3,0
Ginger,Onion,3,0
Ginger,Piranha,2,0
Ginger,Pork,4,0
Ginger,Pumpkin,2,0
Ginger,Salmon,3,0
Ginger,Shrimp,5,0
Ginger,Turkey,4,0
Ginger,Wasabi,6,0
Lemongrass,Cabbage,1,0
Lemongrass,Carp,3,0
Lemongrass,Celery,1,0
Lemongrass,Chicken,3,0
Lemongrass,Coconut,1,0
Lemongrass,Ginger,4,0
Lemongrass,GreenOnion,2,0
Lemongrass,Lamb,2,0
Lemongrass,Lobster,3,0
Lemongrass,Mandragora,-3,0
Lemongrass,Mushroom,2,0
Lemongrass,Oysters,2,0
Lemongrass,Pork,3,0
Lemongrass,Potato,3,0
Lemongrass,Salad,2,0
Lemongrass,Salmon,4,0
Lemongrass,Shrimp,4,0
Lemongrass,Turkey,9,0
Nutmeg,Apple,2,0
Nutmeg,BakingPowder,3,0
Nutmeg,Banana,1,0
Nutmeg,Beef,3,0
Nutmeg,Blueberries,1,0
Nutmeg,Butter,4,0
Nutmeg,Cabbage,2,0
Nutmeg,Cherry,1,0
Nutmeg,Cinnamon,3,0
Nutmeg,Cocoa,4,0
Nutmeg,CoconutMilk,2,0
Nutmeg,Coffee,2,0
Nutmeg,Cream,3,0
Nutmeg,Egg,2,0
Nutmeg,Flour,3,0
Nutmeg,GrapesGreen,1,0
Nutmeg,GrapesRed,1,0
Nutmeg,Kiwi,1,0
Nutmeg,Mandragora,-3,0
Nutmeg,Mango,1,0
Nutmeg,Milk,3,0
Nutmeg,Nuts,2,0
Nutmeg,Oil,2,0
Nutmeg,Orange,1,0
Nutmeg,Papaya,1,0
Nutmeg,Peach,1,0
Nutmeg,Pear,1,0
Nutmeg,Pineapple,1,0
Nutmeg,Plums,1,0
Nutmeg,Pomegranate,1,0
Nutmeg,Pumpkin,6,0
Nutmeg,Strawberry,1,0
Nutmeg,Sugar,4,0
Nutmeg,TonkaBean,4,0
Nutmeg,Turkey,4,0
Nutmeg,Vanilla,3,0
Nutmeg,Wheat,3,0
Nutmeg,Yeast,2,0
Paprika,Avocado,1,0
Paprika,Beans,1,0
Paprika,Cabbage,2,0
Paprika,Chicken,3,0
Paprika,Egg,5,0
Paprika,Hop,1,0
Paprika,Jerky,5,0
Paprika,Lamb,2,0
Paprika,Mandragora,-3,0
Paprika,Meat,2,0
Paprika,Pork,5,0
Paprika,Potato,4,0
Paprika,Salmon,2,0
Paprika,Sausage,4,0
Paprika,Shrimp,4,0
Paprika,Tuna,3,0
Paprika,Turkey,3,0
Pepper,Avocado,2,0
Pepper,Beans,2,1
Pepper,Beef,4,0
Pepper,Broccoli,1,0
Pepper,Butter,2,0
Pepper,Carp,4,0
Pepper,Chicken,3,1
Pepper,Cucumber,3,0
Pepper,Curcuma,9,0
Pepper,Duck,2,0
Pepper,Egg,3,1
Pepper,Honey,2,0
Pepper,Hop,2,0
Pepper,Jerky,4,0
Pepper,Lamb,2,0
Pepper,Lobster,2,0
Pepper,Mandragora,-3,0
Pepper,Mango,2,0
Pepper,Meat,3,1
Pepper,Mushroom,2,0
Pepper,Onion,1,0
Pepper,Oysters,2,0
Pepper,Pork,4,0
Pepper,Potato,4,0
Pepper,Salmon,3,1
Pepper,Salt,5,1
Pepper,Sausage,4,0
Pepper,Shrimp,4,0
Pepper,Tuna,3,0
Pepper,Turkey,3,0
RedPepper,Avocado,2,0
RedPepper,Beans,3,0
RedPepper,Chicken,3,0
RedPepper,Curcuma,3,0
RedPepper,Egg,3,0
RedPepper,Eye,3,0
RedPepper,FuguFish,3,0
RedPepper,Jerky,2,0
RedPepper,Mango,2,0
RedPepper,Meat,3,0
RedPepper,Mushroom,2,0
RedPepper,Onion,4,0
RedPepper,Pork,4,0
RedPepper,Sausage,4,0
RedPepper,Shrimp,4,0
RedPepper,Tomato,4,0
RedPepper,Tuna,3,0
Saffron,Curcuma,2,0
Saffron,Lamb,6,0
Saffron,Mandragora,-3,0
Saffron,Potato,4,0
Saffron,Vanilla,4,0
Salt,Asparagus,2,0
Salt,Avocado,1,0
Salt,Banana,-1,1
Salt,Beans,2,1
Salt,Beef,5,0
Salt,BellPepper,1,0
Salt,Bones,3,0
Salt,Broccoli,1,0
Salt,Butter,4,0
Salt,Cabbage,1,0
Salt,Carp,4,0
Salt,Cherry,-1,1
Salt,Chicken,2,1
Salt,Coconut,-1,0
Salt,Coffee,-7,0
Salt,Duck,1,0
Salt,Eggplant,2,0
Salt,Eye,3,0
Salt,FishBone,3,0
Salt,FuguFish,3,0
Salt,Garlic,1,0
Salt,GrapesGreen,-2,0
Salt,GrapesRed,-2,0
Salt,Hop,2,0
Salt,Jerky,4,0
Salt,Lamb,2,0
Salt,Lobster,2,0
Salt,Malt,-5,0
Salt,Mango,-2,0
Salt,Meat,3,1
Salt,Melon,-3,0
Salt,Milk,-4,0
Salt,Mushroom,2,0
Salt,Nuts,3,0
Salt,Onion,3,0
Salt,Orange,-2,0
Salt,Peas,3,0
Salt,Pepper,5,1
Salt,Pork,3,0
Salt,Potato,4,0
Salt,Pumpkin,2,0
Salt,Rice,2,1
Salt,Salmon,2,1
Salt,Sausage,4,0
Salt,Shrimp,3,0
Salt,Tea,-6,0
Salt,Tomato,2,1
Salt,Turkey,3,0
Salt,Watermelon,-3,0
Salt,Yogurt,3,0
Salt,Zucchini,2,0
Sugar,Apple,1,0
Sugar,Avocado,-1,0
Sugar,BakingPowder,4,0
Sugar,Blackthorn,1,0
Sugar,Blueberries,1,0
Sugar,Butter,4,0
Sugar,Cherry,1,0
Sugar,Cinnamon,4,0
Sugar,Cocoa,5,0
Sugar,CoconutMilk,3,0
Sugar,Coffee,5,0
Sugar,Cream,4,0
Sugar,Egg,3,0
Sugar,Flour,4,0
Sugar,GrapesGreen,1,0
Sugar,GrapesRed,1,0
Sugar,Jerky,5,0
Sugar,Kiwi,1,0
Sugar,Malt,4,0
Sugar,Mandragora,-3,0
Sugar,Mango,1,0
Sugar,Milk,4,0
Sugar,Nutmeg,4,0
Sugar,Orange,1,0
Sugar,Papaya,1,0
Sugar,Peach,1,0
Sugar,Pear,1,0
Sugar,Pineapple,1,0
Sugar,Plums,1,0
Sugar,Pomegranate,1,0
Sugar,Pumpkin,4,0
Sugar,Strawberry,1,0
Sugar,TonkaBean,4,0
Sugar,Vanilla,4,0
Sugar,Wheat,3,0
Sugar,Yeast,3,0
TonkaBean,BakingPowder,3,0
TonkaBean,Butter,3,0
TonkaBean,Cinnamon,3,0
TonkaBean,Cocoa,4,0
TonkaBean,CoconutMilk,3,0
TonkaBean,Cream,3,0
TonkaBean,Egg,2,0
TonkaBean,Flour,3,0
TonkaBean,Mandragora,-3,0
TonkaBean,Milk,3,0
TonkaBean,Nutmeg,4,0
TonkaBean,Nuts,2,0
TonkaBean,Sugar,4,0
TonkaBean,Vanilla,3,0
TonkaBean,Wheat,2,0
TonkaBean,Yeast,2,0
Wasabi,Banana,-1,0
Wasabi,Blueberries,-1,0
Wasabi,Cherry,-1,0
Wasabi,Eel,5,0
Wasabi,FuguFish,5,0
Wasabi,Ginger,6,0
Wasabi,GrapesGreen,-1,0
Wasabi,GrapesRed,-1,0
Wasabi,Jerky,2,0
Wasabi,Kiwi,-1,0
Wasabi,Makarel,4,0
Wasabi,Mandragora,-3,0
Wasabi,Mango,-1,0
Wasabi,Mayonnaise,-5,0
Wasabi,Melon,-2,0
Wasabi,Nori,6,0
Wasabi,Octopus,3,0
Wasabi,Oil,1,0
Wasabi,Orange,-1,0
Wasabi,Oysters,2,0
Wasabi,Papaya,-1,0
Wasabi,Peach,-1,0
Wasabi,Pear,-1,0
Wasabi,Pineapple,-1,0
Wasabi,Piranha,4,0
Wasabi,Plums,-1,0
Wasabi,Pomegranate,-1,0
Wasabi,Rice,4,0
Wasabi,Salmon,6,0
Wasabi,Shrimp,4,0
Wasabi,Strawberry,-1,0
Wasabi,Tuna,3,0
Wasabi,Watermelon,-2,0
Vanilla,Apple,2,0
Vanilla,Banana,1,0
Vanilla,Beans,1,0
Vanilla,Beet,1,0
Vanilla,Blueberries,1,0
Vanilla,Butter,3,0
Vanilla,Cardamon,3,0
Vanilla,Cherry,1,0
Vanilla,Chicken,1,0
Vanilla,Cinnamon,4,0
Vanilla,Cocoa,4,0
Vanilla,CoconutMilk,4,0
Vanilla,Coffee,4,0
Vanilla,Cream,4,0
Vanilla,Egg,2,0
Vanilla,Flour,4,0
Vanilla,GrapesGreen,1,0
Vanilla,GrapesRed,1,0
Vanilla,Honey,4,0
Vanilla,Kiwi,1,0
Vanilla,Mandragora,-3,0
Vanilla,Mango,1,0
Vanilla,Melon,2,0
Vanilla,Milk,5,0
Vanilla,Nutmeg,3,0
Vanilla,Nuts,2,0
Vanilla,Octopus,9,0
Vanilla,Orange,1,0
Vanilla,Papaya,1,0
Vanilla,Peach,1,0
Vanilla,Pear,1,0
Vanilla,Pineapple,1,0
Vanilla,Plums,1,0
Vanilla,Pomegranate,1,0
Vanilla,Pumpkin,5,0
Vanilla,Raddish,2,0
Vanilla,Saffron,4,0
Vanilla,Strawberry,1,0
Vanilla,Sugar,4,0
Vanilla,TonkaBean,3,0
Vanilla,Watermelon,2,0
Vanilla,Wheat,3,0
BakingPowder,Butter,4,0
BakingPowder,Cheese,2,0
BakingPowder,Cinnamon,4,0
BakingPowder,Cocoa,3,0
BakingPowder,CoconutMilk,2,0
BakingPowder,Cream,4,0
BakingPowder,Egg,4,0
BakingPowder,Flour,4,0
BakingPowder,Mandragora,-3,0
BakingPowder,Milk,4,0
BakingPowder,Nutmeg,3,0
BakingPowder,Nuts,4,0
BakingPowder,Octopus,9,0
BakingPowder,Potato,3,0
BakingPowder,Pumpkin,2,0
BakingPowder,Sugar,4,0
BakingPowder,TonkaBean,3,0
BakingPowder,Water,5,0
BakingPowder,Wheat,4,0
BakingPowder,Yeast,5,0
BakingPowder,Zucchini,2,0
Butter,Asparagus,3,0
Butter,BakingPowder,4,0
Butter,Banana,1,0
Butter,Basil,4,0
Butter,Beans,3,0
Butter,Beef,4,0
Butter,Beet,2,0
Butter,Carp,4,0
Butter,Caviar,1,0
Butter,Celery,1,0
Butter,Chicken,2,0
Butter,Cinnamon,5,0
Butter,Cocoa,3,0
Butter,Corn,8,0
Butter,Duck,2,0
Butter,Egg,4,0
Butter,Eggplant,2,0
Butter,Flour,4,0
Butter,Garlic,2,0
Butter,Lamb,3,0
Butter,Lemon,3,0
Butter,Lime,2,0
Butter,Lobster,6,0
Butter,Mandragora,-3,0
Butter,Meat,4,0
Butter,Mushroom,3,0
Butter,Nutmeg,4,0
Butter,Octopus,5,0
Butter,Onion,4,0
Butter,Oysters,3,0
Butter,Peas,2,0
Butter,Pepper,2,0
Butter,Pork,3,0
Butter,Potato,4,0
Butter,Pumpkin,2,0
Butter,Raddish,4,0
Butter,Salt,4,0
Butter,Shrimp,4,0
Butter,Sugar,4,0
Butter,TonkaBean,3,0
Butter,Turkey,3,0
Butter,Vanilla,3,0
Butter,Wheat,4,0
Butter,Yeast,4,0
Butter,Zucchini,2,0
Cheese,Apple,2,0
Cheese,Asparagus,2,0
Cheese,Avocado,1,0
Cheese,BakingPowder,2,0
Cheese,Beans,3,0
Cheese,Beef,3,0
Cheese,Beet,2,0
Cheese,BellPepper,2,0
Cheese,Broccoli,1,0
Cheese,Chicken,3,0
Cheese,Cocoa,-5,0
Cheese,Corn,1,0
Cheese,Egg,4,0
Cheese,Eggplant,3,0
Cheese,GreenOnion,-2,0
Cheese,Lobster,3,0
Cheese,Mandragora,-3,0
Cheese,Meat,4,0
Cheese,Mushroom,2,0
Cheese,Nori,-8,0
Cheese,Nuts,3,0
Cheese,Pork,3,0
Cheese,Potato,4,0
Cheese,Sausage,4,0
Cheese,Shrimp,3,0
Cheese,Tomato,5,0
Cheese,Turkey,2,0
Cheese,Zucchini,2,0
Cocoa,BakingPowder,3,0
Cocoa,Banana,1,0
Cocoa,Blueberries,1,0
Cocoa,Butter,3,0
Cocoa,Cheese,-5,0
Cocoa,Cherry,1,0
Cocoa,Cinnamon,2,0
Cocoa,CoconutMilk,2,0
Cocoa,Coffee,3,0
Cocoa,Cream,4,0
Cocoa,Flour,4,0
Cocoa,Gooseberry,1,0
Cocoa,GrapesGreen,1,0
Cocoa,GrapesRed,1,0
Cocoa,Kiwi,1,0
Cocoa,Malt,5,0
Cocoa,Mandragora,-3,0
Cocoa,Mango,1,0
Cocoa,Milk,8,0
Cocoa,Nutmeg,4,0
Cocoa,Nuts,5,0
Cocoa,Onion,-5,0
Cocoa,Orange,1,0
Cocoa,Papaya,1,0
Cocoa,Peach,1,0
Cocoa,Pear,1,0
Cocoa,Peas,-5,0
Cocoa,Pineapple,1,0
Cocoa,Plums,1,0
Cocoa,Pomegranate,1,0
Cocoa,Salad,-5,0
Cocoa,Strawberry,1,0
Cocoa,Sugar,5,0
Cocoa,TonkaBean,4,0
Cocoa,Tuna,-6,0
Cocoa,Vanilla,4,0
Cocoa,Water,4,0
CoconutMilk,BakingPowder,2,0
CoconutMilk,Banana,1,0
CoconutMilk,Cinnamon,2,0
CoconutMilk,Cocoa,2,0
CoconutMilk,Duck,2,0
CoconutMilk,Flour,3,0
CoconutMilk,Mandragora,-3,0
CoconutMilk,Nutmeg,2,0
CoconutMilk,Sugar,3,0
CoconutMilk,TonkaBean,3,0
CoconutMilk,Vanilla,4,0
CoconutMilk,Wheat,3,0
Coffee,Avocado,-1,0
Coffee,BellPepper,-4,0
Coffee,Broccoli,-4,0
Coffee,Cinnamon,5,0
Coffee,Cocoa,3,0
Coffee,Cream,6,0
Coffee,GreenOnion,-2,0
Coffee,Honey,2,0
Coffee,Ice,5,0
Coffee,Malt,3,0
Coffee,Mandragora,-3,0
Coffee,Milk,4,0
Coffee,Nutmeg,2,0
Coffee,Pumpkin,2,0
Coffee,Salt,-7,0
Coffee,Sugar,5,0
Coffee,Tea,-5,0
Coffee,Vanilla,4,0
Coffee,Water,3,0
Cream,Avocado,1,0
Cream,BakingPowder,4,0
Cream,Banana,1,0
Cream,Blueberries,1,0
Cream,Caviar,3,0
Cream,Cherry,1,0
Cream,Cinnamon,3,0
Cream,Cocoa,4,0
Cream,Coffee,6,0
Cream,Corn,2,0
Cream,Egg,4,0
Cream,Flour,5,0
Cream,Gooseberry,3,0
Cream,GrapesGreen,1,0
Cream,GrapesRed,1,0
Cream,Honey,6,0
Cream,Ice,10,0
Cream,Kiwi,1,0
Cream,Malt,5,0
Cream,Mandragora,-3,0
Cream,Mango,1,0
Cream,Melon,2,0
Cream,Nutmeg,3,0
Cream,Orange,1,0
Cream,Papaya,1,0
Cream,Peach,1,0
Cream,Pear,1,0
Cream,Pineapple,1,0
Cream,Plums,1,0
Cream,Pomegranate,1,0
Cream,Potato,4,0
Cream,Pumpkin,2,0
Cream,Salmon,3,0
Cream,Shrimp,2,0
Cream,Strawberry,4,0
Cream,Sugar,4,0
Cream,TonkaBean,3,0
Cream,Tuna,3,0
Cream,Vanilla,4,0
Cream,Vinegar,-5,0
Cream,Watermelon,2,0
Cream,Wheat,4,0
Egg,Anise,6,0
Egg,Avocado,1,0
Egg,BakingPowder,4,0
Egg,Beef,1,0
Egg,Butter,4,0
Egg,Celery,3,0
Egg,Cheese,4,0
Egg,Cream,4,0
Egg,Eggplant,2,0
Egg,Flour,6,1
Egg,GreenOnion,1,0
Egg,Lobster,2,0
Egg,Mandragora,-3,0
Egg,Mayonnaise,6,0
Egg,Nutmeg,2,0
Egg,Oil,4,1
Egg,Paprika,5,0
Egg,Pepper,3,1
Egg,Potato,1,0
Egg,RedPepper,3,0
Egg,Rice,3,1
Egg,Salad,5,0
Egg,Sausage,4,0
Egg,Sugar,3,0
Egg,TonkaBean,2,0
Egg,Tuna,3,0
Egg,Turkey,3,0
Egg,Vanilla,2,0
Egg,Vinegar,3,0
Egg,Wheat,3,0
Egg,Yeast,3,0
Flour,Algae,2,0
Flour,BakingPowder,4,0
Flour,Banana,1,1
Flour,Beef,1,0
Flour,Blueberries,1,0
Flour,Butter,4,0
Flour,Cherry,1,1
Flour,Chicken,4,1
Flour,Cinnamon,3,0
Flour,Cocoa,4,0
Flour,Coconut,1,0
Flour,CoconutMilk,3,0
Flour,Cream,5,0
Flour,Egg,6,1
Flour,FishBone,4,0
Flour,GrapesGreen,1,0
Flour,GrapesRed,1,0
Flour,Honey,4,0
Flour,Kiwi,1,0
Flour,Lemon,1,0
Flour,Lime,1,0
Flour,Lobster,3,0
Flour,Mandragora,-3,0
Flour,Mango,1,0
Flour,Milk,4,0
Flour,Nutmeg,3,0
Flour,Nuts,4,0
Flour,Oil,4,1
Flour,Orange,1,0
Flour,Papaya,1,0
Flour,Peach,1,0
Flour,Pear,1,0
Flour,Pineapple,1,0
Flour,Pomegranate,1,0
Flour,Pumpkin,3,0
Flour,Strawberry,1,0
Flour,Sugar,4,0
Flour,TonkaBean,3,0
Flour,Vanilla,4,0
Flour,Water,5,1
Flour,Yeast,6,0
Flour,Zucchini,2,0
Honey,Beef,3,0
Honey,Beet,2,0
Honey,Blackthorn,2,0
Honey,Coffee,2,0
Honey,Cream,6,0
Honey,Flour,4,0
Honey,Jerky,5,0
Honey,Lemon,5,0
Honey,Malt,4,0
Honey,Mandragora,-3,0
Honey,Milk,6,0
Honey,Nuts,4,0
Honey,Pepper,2,0
Honey,Pork,4,0
Honey,Shrimp,4,0
Honey,Tea,5,0
Honey,Turkey,4,0
Honey,Vanilla,4,0
Ice,Algae,-2,0
Ice,Blueberries,1,0
Ice,Caviar,5,0
Ice,Cherry,1,0
Ice,Clover,5,0
Ice,Coffee,5,0
Ice,Cream,10,0
Ice,Cucumber,2,0
Ice,GrapesGreen,1,0
Ice,GrapesRed,1,0
Ice,Kiwi,1,0
Ice,Malt,7,0
Ice,Mandragora,-3,0
Ice,Mango,1,0
Ice,Orange,1,0
Ice,Papaya,1,0
Ice,Peach,1,0
Ice,Pear,1,0
Ice,Pineapple,1,0
Ice,Plums,1,0
Ice,Pomegranate,1,0
Ice,Strawberry,1,0
Ice,Tea,7,0
Ice,Water,4,0
Mayonnaise,Apple,-1,0
Mayonnaise,Avocado,4,0
Mayonnaise,Banana,-1,0
Mayonnaise,Blueberries,-1,0
Mayonnaise,Cherry,-1,0
Mayonnaise,Cinnamon,-6,0
Mayonnaise,Egg,6,0
Mayonnaise,GrapesGreen,-1,0
Mayonnaise,GrapesRed,-1,0
Mayonnaise,GreenOnion,-2,0
Mayonnaise,Kiwi,-1,0
Mayonnaise,Mandragora,-3,0
Mayonnaise,Mango,-1,0
Mayonnaise,Melon,-2,0
Mayonnaise,Nori,-2,0
Mayonnaise,Orange,-1,0
Mayonnaise,Papaya,-1,0
Mayonnaise,Peach,-1,0
Mayonnaise,Pear,-1,0
Mayonnaise,Pineapple,-1,0
Mayonnaise,Plums,-1,0
Mayonnaise,Pomegranate,-1,0
Mayonnaise,Strawberry,-1,0
Mayonnaise,Tuna,5,0
Mayonnaise,Wasabi,-5,0
Mayonnaise,Watermelon,-2,0
Milk,BakingPowder,4,0
Milk,Banana,1,0
Milk,Blackthorn,1,0
Milk,Blueberries,1,0
Milk,Cherry,1,0
Milk,Cinnamon,3,0
Milk,Cocoa,8,0
Milk,Coffee,4,0
Milk,Flour,4,0
Milk,Gooseberry,1,0
Milk,GrapesGreen,1,0
Milk,GrapesRed,1,0
Milk,GreenOnion,-2,0
Milk,Honey,6,0
Milk,Kiwi,1,0
Milk,Lemon,-4,0
Milk,Lime,-4,0
Milk,Mandragora,-3,0
Milk,Mango,1,0
Milk,Nutmeg,3,0
Milk,Orange,1,0
Milk,Papaya,1,0
Milk,Peach,1,0
Milk,Pear,1,0
Milk,Pineapple,1,0
Milk,Plums,1,0
Milk,Pomegranate,1,0
Milk,Potato,3,0
Milk,Pumpkin,2,0
Milk,Salt,-4,0
Milk,Strawberry,4,0
Milk,Sugar,4,0
Milk,Tea,5,0
Milk,TonkaBean,3,0
Milk,Vanilla,5,0
Milk,Vinegar,-5,0
Milk,Wheat,4,0
Milk,Yeast,4,0
Nuts,Apple,2,0
Nuts,Asparagus,3,0
Nuts,BakingPowder,4,0
Nuts,Banana,1,0
Nuts,Beet,2,0
Nuts,Celery,3,0
Nuts,Cheese,3,0
Nuts,Cocoa,5,0
Nuts,Coconut,2,0
Nuts,Duck,3,0
Nuts,Eggplant,2,0
Nuts,Flour,4,0
Nuts,Honey,4,0
Nuts,Jerky,2,0
Nuts,Mandragora,-3,0
Nuts,Melon,1,0
Nuts,Nutmeg,2,0
Nuts,Oil,3,0
Nuts,Pumpkin,2,0
Nuts,Salt,3,0
Nuts,TonkaBean,2,0
Nuts,Vanilla,2,0
Nuts,Watermelon,1,0
Nuts,Wheat,3,0
Nuts,Yeast,3,0
Nuts,Yogurt,4,0
Oil,Algae,2,0
Oil,Avocado,1,0
Oil,Beans,1,1
Oil,Beet,1,0
Oil,Carrot,2,1
Oil,Egg,4,1
Oil,FishBone,4,0
Oil,Flour,4,1
Oil,Garlic,1,0
Oil,Mandragora,-3,0
Oil,Nutmeg,2,0
Oil,Nuts,3,0
Oil,Potato,1,0
Oil,Rice,4,1
Oil,Shrimp,2,0
Oil,Tuna,3,0
Oil,Wasabi,1,0
Oil,Wheat,2,0
Oil,Yeast,2,0
Rice,Algae,3,0
Rice,Avocado,2,0
Rice,Banana,2,1
Rice,Beans,2,1
Rice,Beef,4,0
Rice,BellPepper,4,0
Rice,Broccoli,2,0
Rice,Carp,1,0
Rice,Carrot,2,1
Rice,Chicken,3,1
Rice,Coconut,2,0
Rice,Duck,2,0
Rice,Eel,2,0
Rice,Egg,3,1
Rice,Eggplant,1,0
Rice,FuguFish,6,0
Rice,Garlic,1,0
Rice,GreenOnion,3,0
Rice,Lamb,3,0
Rice,Lemon,1,0
Rice,Lime,1,0
Rice,Lobster,1,0
Rice,Makarel,4,0
Rice,Mandragora,-3,0
Rice,Mushroom,2,0
Rice,Nori,10,1
Rice,Octopus,2,0
Rice,Oil,4,1
Rice,Onion,4,0
Rice,Pork,2,0
Rice,Raddish,3,0
Rice,Salad,-3,0
Rice,Salmon,4,1
Rice,Salt,2,1
Rice,Shrimp,5,0
Rice,Tea,2,0
Rice,Tomato,2,1
Rice,Turkey,3,0
Rice,Wasabi,4,0
Rice,Water,5,1
Rice,Zucchini,2,0
Tea,Algae,1,0
Tea,Avocado,-2,0
Tea,Banana,-1,0
Tea,BellPepper,-4,0
Tea,Broccoli,-4,0
Tea,Coffee,-5,0
Tea,GreenOnion,-2,0
Tea,Honey,5,0
Tea,Ice,7,0
Tea,Lemon,4,0
Tea,Lime,1,0
Tea,Mandragora,-3,0
Tea,Milk,5,0
Tea,Raddish,3,0
Tea,Rice,2,0
Tea,Salt,-6,0
Tea,Vinegar,-5,0
Tea,Water,4,0
Vinegar,Avocado,1,0
Vinegar,Banana,-3,0
Vinegar,Beans,2,0
Vinegar,Blueberries,-1,0
Vinegar,Cherry,-1,0
Vinegar,Cinnamon,-5,0
Vinegar,Clover,5,0
Vinegar,Corn,2,0
Vinegar,Cream,-5,0
Vinegar,Egg,3,0
Vinegar,Gooseberry,-1,0
Vinegar,GrapesGreen,-1,0
Vinegar,GrapesRed,-1,0
Vinegar,Kiwi,-1,0
Vinegar,Mandragora,-3,0
Vinegar,Mango,-1,0
Vinegar,Melon,-1,0
Vinegar,Milk,-5,0
Vinegar,Orange,-1,0
Vinegar,Oysters,5,0
Vinegar,Papaya,-1,0
Vinegar,Peach,-1,0
Vinegar,Pear,-1,0
Vinegar,Pineapple,-1,0
Vinegar,Plums,-1,0
Vinegar,Pomegranate,-1,0
Vinegar,Raddish,3,0
Vinegar,Strawberry,-1,0
Vinegar,Tea,-5,0
Vinegar,Tuna,3,0
Vinegar,Watermelon,-1,0
Water,BakingPowder,5,0
Water,Beans,2,1
Water,Bones,3,0
Water,Celery,4,0
Water,Cocoa,4,0
Water,Coconut,1,0
Water,Coffee,3,0
Water,FishBone,3,0
Water,Flour,5,1
Water,FuguFish,3,0
Water,Gooseberry,1,0
Water,Hop,5,0
Water,Ice,4,0
Water,Lemon,2,0
Water,Lime,2,0
Water,Malt,5,0
Water,Onion,4,0
Water,Potato,2,0
Water,Pumpkin,1,0
Water,Raddish,3,0
Water,Rice,5,1
Water,Tea,4,0
Water,Wheat,2,0
Water,Yeast,3,0
Wheat,Algae,-1,0
Wheat,BakingPowder,4,0
Wheat,Banana,1,0
Wheat,Beef,1,0
Wheat,Blueberries,1,0
Wheat,Butter,4,0
Wheat,Cherry,1,0
Wheat,Cinnamon,2,0
Wheat,Coconut,1,0
Wheat,CoconutMilk,3,0
Wheat,Cream,4,0
Wheat,Egg,3,0
Wheat,GrapesGreen,1,0
Wheat,GrapesRed,1,0
Wheat,Kiwi,1,0
Wheat,Lemon,1,0
Wheat,Mandragora,-3,0
Wheat,Mango,1,0
Wheat,Milk,4,0
Wheat,Nutmeg,3,0
Wheat,Nuts,3,0
Wheat,Oil,2,0
Wheat,Orange,1,0
Wheat,Papaya,1,0
Wheat,Peach,1,0
Wheat,Pear,1,0
Wheat,Pineapple,1,0
Wheat,Pomegranate,1,0
Wheat,Potato,2,0
Wheat,Pumpkin,2,0
Wheat,Strawberry,1,0
Wheat,Sugar,3,0
Wheat,TonkaBean,2,0
Wheat,Vanilla,3,0
Wheat,Water,2,0
Wheat,Yeast,4,0
Wheat,Zucchini,2,0
Yeast,Algae,-2,0
Yeast,BakingPowder,5,0
Yeast,Butter,4,0
Yeast,Cinnamon,2,0
Yeast,Egg,3,0
Yeast,Flour,6,0
Yeast,Mandragora,-3,0
Yeast,Milk,4,0
Yeast,Mushroom,-2,0
Yeast,Nutmeg,2,0
Yeast,Nuts,3,0
Yeast,Oil,2,0
Yeast,Pumpkin,1,0
Yeast,Sugar,3,0
Yeast,TonkaBean,2,0
Yeast,Water,3,0
Yeast,Wheat,4,0
Yogurt,Avocado,-3,0
Yogurt,Banana,1,0
Yogurt,BellPepper,-5,0
Yogurt,Blueberries,2,0
Yogurt,Cherry,2,0
Yogurt,Coconut,1,0
Yogurt,Cucumber,2,0
Yogurt,Garlic,-3,0
Yogurt,Gooseberry,2,0
Yogurt,GrapesGreen,2,0
Yogurt,GrapesRed,2,0
Yogurt,Kiwi,2,0
Yogurt,Mandragora,-3,0
Yogurt,Mango,2,0
Yogurt,Nuts,4,0
Yogurt,Orange,2,0
Yogurt,Papaya,2,0
Yogurt,Peach,3,0
Yogurt,Pomegranate,2,0
Yogurt,Pumpkin,2,0
Yogurt,Salt,3,0
Yogurt,Strawberry,2,0
Yogurt,Tuna,-5,0
Malt,Blueberries,1,0
Malt,Cherry,1,0
Malt,Cocoa,5,0
Malt,Coffee,3,0
Malt,Cream,5,0
Malt,GrapesGreen,1,0
Malt,GrapesRed,1,0
Malt,GreenOnion,-1,0
Malt,Honey,4,0
Malt,Ice,7,0
Malt,Kiwi,1,0
Malt,Lemon,2,0
Malt,Lime,2,0
Malt,Mandragora,-3,0
Malt,Mango,1,0
Malt,Melon,1,0
Malt,Orange,1,0
Malt,Papaya,1,0
Malt,Peach,1,0
Malt,Pomegranate,1,0
Malt,Salt,-5,0
Malt,Strawberry,2,0
Malt,Sugar,4,0
Malt,Water,5,0
Malt,Watermelon,1,0